{
  "openapi": "3.0.1",
  "info": {
    "title": "registration",
    "description": "Registration for BSM Direct Debit API",
    "version": "1.0"
  },
  "servers": [
    {
      "url": "http://10.0.118.110:5555"
    }
  ],
  "paths": {
    "/v1.0/registration-card-bind": {
      "post": {
        "operationId": "_post",
        "parameters": [
          
          {
            "name": "X-SIGNATURE",
            "in": "header",
            "required": true,
            "schema": {
              "type": "string"
            }
          },
          {
            "name": "X-TIMESTAMP",
            "in": "header",
            "required": true,
            "schema": {
              "type": "string",
              "default": "2024-03-13T20:50:11+00:00"
            }
          },
          {
            "name": "X-PARTNER-ID",
            "in": "header",
            "required": true,
            "schema": {
              "type": "string",
              "default": "889"
            }
          },
          {
            "name": "X-EXTERNAL-ID",
            "in": "header",
            "required": true,
            "schema": {
              "type": "string"
            }
          },
          {
            "name": "CHANNEL-ID",
            "in": "header",
            "required": true,
            "schema": {
              "type": "string",
              "default":"12345"
            }
          },
          {
            "name": "Content-Type",
            "in": "header",
            "required": true,
            "schema": {
              "type": "string",
              "default":"application/json"
            }
          }

        ],
        "requestBody": {
          "content": {
            "application/json": {
              "schema": {
                "required": [
                  "bankCardNo",
                  "custIdMerchant",
                  "expiryDate",
                  "partnerReferenceNo",
                  "phoneNo"
                ],
                "properties": {
                  "partnerReferenceNo": {
                    "type": "string",
                    "description": ""
                  },
                  "bankCardNo": {
                    "type": "string",
                    "description": ""
                  },
                  "expiryDate": {
                    "type": "string",
                    "description": ""
                  },
                  "custIdMerchant": {
                    "type": "string",
                    "description": ""
                  },
                  "phoneNo": {
                    "type": "string",
                    "description": ""
                  }
                }
              }
            }
          },
          "required": true
        },
        "responses": {
          "200": {
            "description": "OK",
            "content": {
              "application/json": {
                "schema": {
                  "$ref": "#/components/schemas/BsmDirectDebitApiSnap.resources.snap.registration:_post_$response"
                }
              }
            }
          },
          "401": {
            "description": "Access Denied",
            "content": {}
          }
        },
        "security": [
          {
            "bearerAuth": []
          }
        ]
      }
    }
  },
  "components": {
    "securitySchemes": {
      "bearerAuth": {
        "type": "apiKey",
        "schema": "bearer",
        "bearerFormat": "JWT",
        "description": "Enter the token with the `Bearer: ` prefix, e.g. \"Bearer abcde12345\".",
        "name": "Authorization",
        "in": "header"
      }
    },
    "schemas": {
      "BsmDirectDebitApiSnap.resources.snap.registration:_post_$response": {
        "required": [
          "additionalInfo",
          "bankCardToken",
          "chargeToken",
          "responseCode",
          "responseMessage"
        ],
        "type": "object",
        "properties": {
          "bankCardToken": {
            "type": "string"
          },
          "additionalInfo": {
            "$ref": "#/components/schemas/BsmDirectDebitApiSnap.resources.snap.registration:_post.additionalInfo"
          },
          "responseMessage": {
            "type": "string"
          },
          "responseCode": {
            "type": "string"
          },
          "chargeToken": {
            "type": "string"
          }
        }
      },
      "BsmDirectDebitApiSnap.resources.snap.registration:_post.additionalInfo": {
        "required": [
          "phoneNo"
        ],
        "type": "object",
        "properties": {
          "phoneNo": {
            "type": "string"
          }
        }
      }
    }
  },
  "spesification": {
    "endpoint": "/v1.0/registration-card-bind",
    "endpoint_url": "/BsmDirectDebitApiSnap/resources/snap/registration",
    "header": [
      {
        "key": "Authorization",
        "value": "",
        "format": "Alphanumeric",
        "mandatory": "M",
        "length": "",
        "description": "Bearer <token>"
      },
      {
        "key": "X-TIMESTAMP",
        "value": "",
        "format": "Datetime",
        "mandatory": "M",
        "length": "",
        "description": "The timestamp must be presented in ISO8601 format (yyyy-MM-ddTHH:mm:ss.TZ)"
      },
      {
        "key": "X-SIGNATURE",
        "value": "",
        "format": "Alphanumeric",
        "mandatory": "M",
        "length": "",
        "description": "Transaction signature. Please refer to Transaction Signature section"
      },
      {
        "key": "X-PARTNER-ID",
        "value": "",
        "format": "Alphanumeric",
        "mandatory": "M",
        "length": "",
        "description": "Partner ID given by BSI upon onboarding process"
      },
      {
        "key": "X-EXTERNAL-ID",
        "value": "",
        "format": "String",
        "mandatory": "M",
        "length": "128",
        "description": "Numeric String. Unique ID per request generated by partner"
      },
      {
        "key": "CHANNEL-ID",
        "value": "",
        "format": "Alpha",
        "mandatory": "M",
        "length": "",
        "description": "Numeric String. Unique ID provide by Bank BSI"
      },
      {
        "key": "Content-Type",
        "value": "",
        "format": "Alpha",
        "mandatory": "M",
        "length": "",
        "description": "application/json"
      }
    ],
    "request": [
      {
        "field": "partnerReferenceNo",
        "data_type": "String",
        "format": "",
        "mandatory": "O",
        "length": "64",
        "description": "Transaction identifier on partner\r\nsystem\r\n",
        "sample": "77641729"
      },
      {
        "field": "bankCardNo",
        "data_type": "String",
        "format": "",
        "mandatory": "",
        "length": "",
        "description": "",
        "sample": ""
      },
      {
        "field": "expiryDate",
        "data_type": "String",
        "format": "",
        "mandatory": "O",
        "length": "4",
        "description": "Card expiry date. Format: MMYY",
        "sample": "10\/23"
      },
      {
        "field": "custIdMerchant",
        "data_type": "String",
        "format": "",
        "mandatory": "M",
        "length": "18",
        "description": "Merchant’s customer ID",
        "sample": "889"
      },
      {
        "field": "phoneNo",
        "data_type": "String",
        "format": "",
        "mandatory": "O",
        "length": "16",
        "description": "Customer’s phone number Format: 62xxxxxxxxxxxxx",
        "sample": "081364393917"
      }
    ],
    "response": [
      {
        "field": "responseCode",
        "data_type": "String",
        "format": "",
        "mandatory": "M",
        "length": "7",
        "description": "Response Code\r\n",
        "sample": "2000100"
      },
      {
        "field": "responseMessage",
        "data_type": "String",
        "format": "",
        "mandatory": "M",
        "length": "150",
        "description": "Response Description\r\n",
        "sample": "Successful"
      },
      {
        "field": "partnerReferenceNo",
        "data_type": "String",
        "format": "",
        "mandatory": "O",
        "length": "64",
        "description": "Transaction identifier on service consumer system",
        "sample": "77641729"
      },
      {
        "field": "chargeToken",
        "data_type": "String",
        "format": "",
        "mandatory": "O",
        "length": "40",
        "description": "string code for verification\r\nOTP\r\n",
        "sample": "4446395983"
      },
      {
        "field": "bankCardToken",
        "data_type": "String",
        "format": "",
        "mandatory": "M",
        "length": "128",
        "description": "Card token for payment.",
        "sample": "NjAzNDk0NzkwMDAwMjEwMF8wODEzNjQzOTM5MTdfMjMxMjc3NjQxNzI5XzA4ODk="
      },
      {
        "field": "additionalInfo",
        "data_type": "Object",
        "format": "",
        "mandatory": "O",
        "length": "",
        "description": "Additional Information ",
        "sample": "\"phoneNo\": \"081364393917\""
      },
      {
        "field": "phoneNo",
        "data_type": "",
        "format": "",
        "mandatory": "",
        "length": "",
        "description": "",
        "sample": "081364393917"
      }
    ],
    "sample_header": 
    "\nX-SIGNATURE:5ce1396118080944bf33579e9b300d6ee79473e91137d1d6f92855a21b064d863b4e72e866503a2fa86772b300d70f4e7ac02db592049753f78147871fdbca25 \nX-TIMESTAMP:2022-02-12T13:07:00+07:00 \nX-PARTNER-ID:DDBSI00001 \nX-EXTERNAL-ID:41807553358950093184162180797837 \nCHANNEL-ID:12345",
    "sample_request": "\n{\r\n    \"partnerReferenceNo\": \"77641729\",\r\n    \"cardData\": \"hasil enkripsi bankcardNo dengan format AES-256 dengan client secret sebagai encryption key\",\r\n    \"expiryDate\": \"10/23\",\r\n    \"custIdMerchant\": \"889\",\r\n    \"phoneNo\": \"081364393917\"\r\n}",
    "sample_response": "\n{\r\n    \"responseCode\": \"2000100\",\r\n    \"responseMessage\": \"Successful\",\r\n    \"partnerReferenceNo\": \"77641729\",\r\n    \"chargeToken\": \"4446395983\",\r\n    \"bankCardToken\": \"NjAzNDk0NzkwMDAwMjEwMF8wODEzNjQzOTM5MTdfMjMxMjc3NjQxNzI5XzA4ODk=\",\r\n    \"additionalInfo\": {\r\n        \"phoneNo\": \"081364393917\"\r\n    }\r\n}",
    "sample_error": "",
    "list_error": [
      {
        "http_status": "",
        "service_code": "",
        "case_code": "",
        "status": "",
        "response_description": "",
        "description": ""
      }
    ]
  }
}