{
  "openapi": "3.0.1",
  "info": {
    "title": "API Verify OTP (Direct Integration)",
    "description": "API Verify OTP (Direct Integration)",
    "version": "1.0"
  },
  "servers": [
    {
      "url": "http://10.0.118.110:5555"
    }
  ],
  "paths": {
    "/v1.0/otp-verification": {
      "post": {
        "operationId": "_post",
        "parameters": [
          
          {
            "name": "X-SIGNATURE",
            "in": "header",
            "required": true,
            "schema": {
              "type": "string"
            }
          },
          {
            "name": "X-TIMESTAMP",
            "in": "header",
            "required": true,
            "schema": {
              "type": "string",
              "default": "2024-03-13T20:50:11+00:00"
            }
          },
          {
            "name": "X-PARTNER-ID",
            "in": "header",
            "required": true,
            "schema": {
              "type": "string",
              "default": "889"
            }
          },
          {
            "name": "X-EXTERNAL-ID",
            "in": "header",
            "required": true,
            "schema": {
              "type": "string"
            }
          },
          {
            "name": "CHANNEL-ID",
            "in": "header",
            "required": true,
            "schema": {
              "type": "string",
              "default":"12345"
            }
          },
          {
            "name": "Content-Type",
            "in": "header",
            "required": true,
            "schema": {
              "type": "string",
              "default":"application/json"
            }
          }

        ],
        "requestBody": {
          "content": {
            "application/json": {
              "schema": {
                "required": [
                  "chargeToken",
                  "originalReferenceNo",
                  "otp",
                  "type"
                ],
                "properties": {
                  "originalReferenceNo": {
                    "type": "string"
                  },
                  "type": {
                    "type": "string"
                  },
                  "otp": {
                    "type": "string"
                  },
                  "chargeToken": {
                    "type": "string"
                  }
                }
              }
            }
          },
          "required": true
        },
        "responses": {
          "200": {
            "description": "OK",
            "content": {
              "application/json": {
                "schema": {
                  "$ref": "#/components/schemas/BsmDirectDebitApiSnap.resources.snap.validateOTP:_post_$response"
                }
              }
            }
          },
          "401": {
            "description": "Access Denied",
            "content": {}
          }
        },
        "x-codegen-request-body-name": "additionalInfo",
        "security": [
          {
            "bearerAuth": []
          }
        ]
      }
    }
  },
  "components": {
    "securitySchemes": {
      "bearerAuth": {
        "type": "apiKey",
        "schema": "bearer",
        "bearerFormat": "JWT",
        "description": "Enter the token with the `Bearer: ` prefix, e.g. \"Bearer abcde12345\".",
        "name": "Authorization",
        "in": "header"
      }
    },
    "schemas": {
      "BsmDirectDebitApiSnap.resources.snap.validateOTP:_post_$response": {
        "required": [
          "ReferenceID",
          "responseCode",
          "responseMessage"
        ],
        "type": "object",
        "properties": {
          "ReferenceID": {
            "type": "string"
          },
          "responseMessage": {
            "type": "string"
          },
          "responseCode": {
            "type": "string"
          }
        }
      },
      "BsmDirectDebitApiSnap.resources.snap.validateOTP:_post.additionalInfo": {
        "required": [
          "transactionId"
        ],
        "type": "object",
        "properties": {
          "transactionId": {
            "type": "string"
          }
        }
      }
    }
  },
  "spesification": {
    "endpoint": "/v1.0/otp-verification",
    "endpoint_url": "/BsmDirectDebitApiSnap/resources/snap/validateOTP",
    "header": [
      {
        "key": "Authorization",
        "value": "",
        "format": "Alphanumeric",
        "mandatory": "M",
        "length": "",
        "description": "Bearer <token>"
      },
      {
        "key": "X-TIMESTAMP",
        "value": "",
        "format": "Datetime",
        "mandatory": "M",
        "length": "",
        "description": "The timestamp must be presented in ISO8601 format (yyyy-MM-ddTHH:mm:ss.TZ)"
      },
      {
        "key": "X-SIGNATURE",
        "value": "",
        "format": "Alphanumeric",
        "mandatory": "M",
        "length": "",
        "description": "Transaction signature. Please refer to Transaction Signature section"
      },
      {
        "key": "X-PARTNER-ID",
        "value": "",
        "format": "Alphanumeric",
        "mandatory": "M",
        "length": "",
        "description": "Partner ID given by BSI upon onboarding process"
      },
      {
        "key": "X-EXTERNAL-ID",
        "value": "",
        "format": "String",
        "mandatory": "M",
        "length": "128",
        "description": "Numeric String. Unique ID per request generated by partner"
      },
      {
        "key": "CHANNEL-ID",
        "value": "",
        "format": "Alpha",
        "mandatory": "M",
        "length": "",
        "description": "Numeric String. Unique ID provide by Bank BSI"
      },
      {
        "key": "Content-Type",
        "value": "",
        "format": "Alpha",
        "mandatory": "M",
        "length": "",
        "description": "application/json"
      }
    ],
    "request": [
      {
        "field": "originalReferenceNo",
        "data_type": "String",
        "format": "",
        "mandatory": "O",
        "length": "64",
        "description": "Transaction identifier on service provider system",
        "sample": "8390531976"
      },
      {
        "field": "type",
        "data_type": "String",
        "format": "",
        "mandatory": "O",
        "length": "20",
        "description": "Action Type",
        "sample": "payment"
      },
      {
        "field": "otp",
        "data_type": "String",
        "format": "",
        "mandatory": "O",
        "length": "8",
        "description": "OTP Code \/ Passcode",
        "sample": "241517"
      },
      {
        "field": "chargeToken",
        "data_type": "String",
        "format": "",
        "mandatory": "O",
        "length": "40",
        "description": "OTP string code that is to be verified with the passcode obtained by the user",
        "sample": "NDA0MzA1 OTQwMDA wNjQxNF8 wODEyMjA yODQ0Nzhf MjEzNTM0 ODIxODYz X251bGw=\r\n"
      },
      {
        "field": "additionalInfo",
        "data_type": "Object",
        "format": "",
        "mandatory": "O",
        "length": "",
        "description": "Additional Information",
        "sample": "“transaction Id” : “87654321”"
      }
    ],
    "response": [
      {
        "field": "responseCode",
        "data_type": "String",
        "format": "",
        "mandatory": "M",
        "length": "7",
        "description": "Response Code\r\n",
        "sample": "2000700"
      },
      {
        "field": "responseMessage",
        "data_type": "String",
        "format": "",
        "mandatory": "M",
        "length": "150",
        "description": "Response Description\r\n",
        "sample": "Successful"
      },
      {
        "field": "referenceNo",
        "data_type": "String",
        "format": "",
        "mandatory": "O",
        "length": "64",
        "description": "Transaction identifier on service provider system Must be filled upon successful transaction",
        "sample": "FT1602174 LVH"
      }
    ],
    "sample_header": "\ncontent-type:application/json \nX-SIGNATURE:f786742b39e5f770144d4eccd3d2c5214ecb813fb0870dd5c722445f96bd701c335b3c33c810962a00c47180b7a01f979feafa40408f43528d385864b0e141ca \nX-TIMESTAMP:2022-02-12T13:07:00+07:00\nX-PARTNER-ID:DDBSI00002 CHANNEL-ID:12345\nX-EXTERNAL-ID:41807553358950093184162180797837",
    "sample_request": "\n{\r\n    \"originalReferenceNo\": \"8390531976\",\r\n    \"type\": \"payment\",\r\n    \"otp\": \"241517\",\r\n    \"chargeToken\": \"NDA0MzA1OTQwMDAwNjQxNF8wODEyMjAyODQ0NzhfMjEzNTM0ODIxODYzX251bGw=\",\r\n    \"additionalInfo\": {\r\n        \"transactionId\": \"87654321\"\r\n    }\r\n}",
    "sample_response": "\n{\r\n    \"responseCode\": \"2000700\",\r\n    \"responseMessage\": \"Successful\",\r\n    \"referenceNo\": \"FT1602174LVH\"\r\n}",
    "sample_error": "",
    "list_error": [
      {
        "http_status": "",
        "service_code": "",
        "case_code": "",
        "status": "",
        "response_description": "",
        "description": ""
      }
    ]
  }
}