{
  "openapi": "3.0.1",
  "info": {
    "title": "API Internal Account Inquiry",
    "description": "API Internal Account Inquiry",
    "version": "1.0"
  },
  "servers": [
    {
      "url": "http://10.0.118.110:5555"
    }
  ],
  "paths": {
    "/v1.0/account-inquiry-internal": {
      "post": {
        "operationId": "_post",
        "parameters": [
          
          {
            "name": "X-SIGNATURE",
            "in": "header",
            "required": true,
            "schema": {
              "type": "string"
            }
          },
          {
            "name": "X-TIMESTAMP",
            "in": "header",
            "required": true,
            "schema": {
              "type": "string",
              "default": "2024-03-13T20:50:11+00:00"
            }
          },
          {
            "name": "X-PARTNER-ID",
            "in": "header",
            "required": true,
            "schema": {
              "type": "string",
              "default": "889"
            }
          },
          {
            "name": "X-EXTERNAL-ID",
            "in": "header",
            "required": true,
            "schema": {
              "type": "string"
            }
          },
          {
            "name": "CHANNEL-ID",
            "in": "header",
            "required": true,
            "schema": {
              "type": "string",
              "default":"12345"
            }
          },
          {
            "name": "Content-Type",
            "in": "header",
            "required": true,
            "schema": {
              "type": "string",
              "default":"application/json"
            }
          }

        ],
        "requestBody": {
          "content": {
            "application/json": {
              "schema": {
                "required": [
                  "beneficiaryAccountNo",
                  "partnerReferenceNo"
                ],
                "properties": {
                  "partnerReferenceNo": {
                    "type": "string"
                  },
                  "beneficiaryAccountNo": {
                    "type": "string"
                  }
                }
              }
            }
          },
          "required": true
        },
        "responses": {
          "200": {
            "description": "OK",
            "content": {
              "application/json": {
                "schema": {
                  "$ref": "#/components/schemas/BsmCoreApi.resources.snap.inquiryOBTransaction:_post_$response"
                }
              }
            }
          },
          "401": {
            "description": "Access Denied",
            "content": {}
          }
        },
        "x-codegen-request-body-name": "additionalInfo",
        "security": [
          {
            "bearerAuth": []
          }
        ]
      }
    }
  },
  "components": {
    "securitySchemes": {
      "bearerAuth": {
        "type": "apiKey",
        "schema": "bearer",
        "bearerFormat": "JWT",
        "description": "Enter the token with the `Bearer: ` prefix, e.g. \"Bearer abcde12345\".",
        "name": "Authorization",
        "in": "header"
      }
    },
    "schemas": {
      "BsmCoreApi.resources.snap.inquiryOBTransaction:_post_$response": {
        "required": [
          "beneficiaryAccountName",
          "beneficiaryAccountNo",
          "responseCode",
          "responseMessage"
        ],
        "type": "object",
        "properties": {
          "beneficiaryAccountNo": {
            "type": "string"
          },
          "beneficiaryAccountName": {
            "type": "string"
          },
          "responseMessage": {
            "type": "string"
          },
          "responseCode": {
            "type": "string"
          }
        }
      },
      "BsmCoreApi.resources.snap.inquiryOBTransaction:_post.additionalInfo": {
        "required": [
          "currencyDebit",
          "destinationAccountType",
          "sourceAccountNumber",
          "sourceAccountType",
          "transactionDatetime"
        ],
        "type": "object",
        "properties": {
          "currencyDebit": {
            "type": "string"
          },
          "destinationAccountType": {
            "type": "string"
          },
          "transactionDatetime": {
            "type": "string"
          },
          "sourceAccountType": {
            "type": "string"
          },
          "sourceAccountNumber": {
            "type": "string"
          }
        }
      }
    }
  },
  "spesification": {
    "endpoint": "/v1.0/account-inquiry-internal",
    "endpoint_url": "/BsmCoreApi/resources/snap/inquiryOBTransaction",
    "header": [
      {
        "key": "Authorization",
        "value": "",
        "format": "Alphanumeric",
        "mandatory": "M",
        "length": "",
        "description": "Bearer <token>"
      },
      {
        "key": "X-TIMESTAMP",
        "value": "",
        "format": "Datetime",
        "mandatory": "M",
        "length": "",
        "description": "The timestamp must be presented in ISO8601 format (yyyy-MM-ddTHH:mm:ss.TZ)"
      },
      {
        "key": "X-SIGNATURE",
        "value": "",
        "format": "Alphanumeric",
        "mandatory": "M",
        "length": "",
        "description": "Transaction signature. Please refer to Transaction Signature section"
      },
      {
        "key": "X-PARTNER-ID",
        "value": "",
        "format": "Alphanumeric",
        "mandatory": "M",
        "length": "",
        "description": "Partner ID given by BSI upon onboarding process"
      },
      {
        "key": "X-EXTERNAL-ID",
        "value": "",
        "format": "String",
        "mandatory": "M",
        "length": "128",
        "description": "Numeric String. Unique ID per request generated by partner"
      },
      {
        "key": "CHANNEL-ID",
        "value": "",
        "format": "Alpha",
        "mandatory": "M",
        "length": "",
        "description": "Numeric String. Unique ID provide by Bank BSI"
      },
      {
        "key": "Content-Type",
        "value": "",
        "format": "Alpha",
        "mandatory": "M",
        "length": "",
        "description": "application/json"
      }
    ],
    "request": [
      {
        "field": "partnerReferenceNo",
        "data_type": "String",
        "format": "",
        "mandatory": "O",
        "length": "64",
        "description": "Transaction identifier on service consumer system",
        "sample": "51603721"
      },
      {
        "field": "beneficiaryAccountNo",
        "data_type": "String",
        "format": "",
        "mandatory": "M",
        "length": "34",
        "description": "Beneficiary Account Number",
        "sample": "7340000735"
      },
      {
        "field": "additionalInfo",
        "data_type": "Object",
        "format": "",
        "mandatory": "O",
        "length": "",
        "description": "Additional Information",
        "sample": ""
      }
    ],
    "response": [
      {
        "field": "responseCode",
        "data_type": "String",
        "format": "",
        "mandatory": "M",
        "length": "7",
        "description": "Response Code\r\n",
        "sample": "2004400"
      },
      {
        "field": "responseMessage",
        "data_type": "String",
        "format": "",
        "mandatory": "M",
        "length": "150",
        "description": "Response Description\r\n",
        "sample": "Successful"
      },
      {
        "field": "beneficiaryAccountName",
        "data_type": "String",
        "format": "",
        "mandatory": "M",
        "length": "100",
        "description": "Beneficiary Account Name",
        "sample": "MEIKHEL"
      },
      {
        "field": "beneficiaryAccountNo",
        "data_type": "String",
        "format": "",
        "mandatory": "M",
        "length": "34",
        "description": "Beneficiary Account Number",
        "sample": "7340000735"
      }
    ],
    "sample_header": "\nX-SIGNATURE:e48a56178b180e5fb4408a94cd3bcbf86b29f0340a039fd8332bf946dcebf01cd2ab6c8107d2b4e23aed17dbab6d87f439847d7fbfc4e4e3243323380c1d52cd \nX-TIMESTAMP:2022-02-12T13:07:00+07:00 \nX-PARTNER-ID:099 \nX-EXTERNAL-ID:41807553358950093184162180797837 \nCHANNEL-ID:12345",
    "sample_request": "\n{\r\n    \"partnerReferenceNo\": \"51603721\",\r\n    \"beneficiaryAccountNo\": \"7340000735\",\r\n    \"additionalInfo\": {\r\n        \"sourceAccountNumber\": \"7095592389\",\r\n        \"transactiondatetime\": \"2021-04-30T03\",\r\n        \"currencyDebit\": \"IDR\",\r\n        \"sourceAccountType\": \"RG\",\r\n        \"destinationAccountType\": \"RG\"\r\n    }\r\n}",
    "sample_response": "\n{\r\n    \"responseCode\": \"2004400\",\r\n    \"responseMessage\": \"Successful\",\r\n    \"beneficiaryAccountName\": \"MEIKHEL\",\r\n    \"beneficiaryAccountNo\": \"7340000735\"\r\n}",
    "sample_error": "",
    "list_error": [
      {
        "http_status": "",
        "service_code": "",
        "case_code": "",
        "status": "",
        "response_description": "",
        "description": ""
      }
    ]
  }
}