{
  "openapi": "3.0.1",
  "info": {
    "title": "API Card Registration - Set Limit",
    "description": "API Card Registration - Set Limit",
    "version": "1.0"
  },
  "servers": [
    {
      "url": "http://10.0.118.110:5555"
    }
  ],
  "paths": {
    "/v1.0/card-bind-limit": {
      "post": {
        "operationId": "_post",
        "parameters": [
          
          {
            "name": "X-SIGNATURE",
            "in": "header",
            "required": true,
            "schema": {
              "type": "string"
            }
          },
          {
            "name": "X-TIMESTAMP",
            "in": "header",
            "required": true,
            "schema": {
              "type": "string",
              "default": "2024-03-13T20:50:11+00:00"
            }
          },
          {
            "name": "X-PARTNER-ID",
            "in": "header",
            "required": true,
            "schema": {
              "type": "string",
              "default": "889"
            }
          },
          {
            "name": "X-EXTERNAL-ID",
            "in": "header",
            "required": true,
            "schema": {
              "type": "string"
            }
          },
          {
            "name": "CHANNEL-ID",
            "in": "header",
            "required": true,
            "schema": {
              "type": "string",
              "default":"12345"
            }
          },
          {
            "name": "Content-Type",
            "in": "header",
            "required": true,
            "schema": {
              "type": "string",
              "default":"application/json"
            }
          }

        ],
        "requestBody": {
          "content": {
            "application/json": {
              "schema": {
                "required": [
                  "bankCardToken",
                  "limit",
                  "partnerReferenceNo"
                ],
                "properties": {
                  "partnerReferenceNo": {
                    "type": "string"
                  },
                  "limit": {
                    "type": "string"
                  },
                  "bankCardToken": {
                    "type": "string"
                  }
                }
              }
            }
          },
          "required": true
        },
        "responses": {
          "200": {
            "description": "OK",
            "content": {
              "application/json": {
                "schema": {
                  "$ref": "#/components/schemas/BsmDirectDebitApiSnap.resources.snap.limitMaintenance:_post_$response"
                }
              }
            }
          },
          "401": {
            "description": "Access Denied",
            "content": {}
          }
        },
        "x-codegen-request-body-name": "additionalInfo",
        "security": [
          {
            "bearerAuth": []
          }
        ]
      }
    }
  },
  "components": {
    "securitySchemes": {
      "bearerAuth": {
        "type": "apiKey",
        "schema": "bearer",
        "bearerFormat": "JWT",
        "description": "Enter the token with the `Bearer: ` prefix, e.g. \"Bearer abcde12345\".",
        "name": "Authorization",
        "in": "header"
      }
    },
    "schemas": {
      "BsmDirectDebitApiSnap.resources.snap.limitMaintenance:_post_$response": {
        "required": [
          "partnerReferenceNo",
          "referenceNo",
          "responseCode",
          "responseMessage"
        ],
        "type": "object",
        "properties": {
          "referenceNo": {
            "type": "string"
          },
          "partnerReferenceNo": {
            "type": "string"
          },
          "responseMessage": {
            "type": "string"
          },
          "responseCode": {
            "type": "string"
          }
        }
      },
      "BsmDirectDebitApiSnap.resources.snap.limitMaintenance:_post.additionalInfo": {
        "required": [
          "transactionDatetime"
        ],
        "type": "object",
        "properties": {
          "transactionDatetime": {
            "type": "string"
          }
        }
      }
    }
  },
  "spesification": {
    "endpoint": "/v1.0/card-bind-limit",
    "endpoint_url": "/BsmDirectDebitApiSnap/resources/snap/limitMaintenance",
    "header": [
      {
        "key": "Authorization",
        "value": "",
        "format": "Alphanumeric",
        "mandatory": "M",
        "length": "",
        "description": "Bearer <token>"
      },
      {
        "key": "X-TIMESTAMP",
        "value": "",
        "format": "Datetime",
        "mandatory": "M",
        "length": "",
        "description": "The timestamp must be presented in ISO8601 format (yyyy-MM-ddTHH:mm:ss.TZ)"
      },
      {
        "key": "X-SIGNATURE",
        "value": "",
        "format": "Alphanumeric",
        "mandatory": "M",
        "length": "",
        "description": "Transaction signature. Please refer to Transaction Signature section"
      },
      {
        "key": "X-PARTNER-ID",
        "value": "",
        "format": "Alphanumeric",
        "mandatory": "M",
        "length": "",
        "description": "Partner ID given by BSI upon onboarding process"
      },
      {
        "key": "X-EXTERNAL-ID",
        "value": "",
        "format": "String",
        "mandatory": "M",
        "length": "128",
        "description": "Numeric String. Unique ID per request generated by partner"
      },
      {
        "key": "CHANNEL-ID",
        "value": "",
        "format": "Alpha",
        "mandatory": "M",
        "length": "",
        "description": "Numeric String. Unique ID provide by Bank BSI"
      },
      {
        "key": "Content-Type",
        "value": "",
        "format": "Alpha",
        "mandatory": "M",
        "length": "",
        "description": "application/json"
      }
    ],
    "request": [
      {
        "field": "partnerReferenceNo",
        "data_type": "String",
        "format": "",
        "mandatory": "O",
        "length": "64",
        "description": "Transaction identifier on partner\r\nsystem\r\n",
        "sample": "90909092"
      },
      {
        "field": "limit",
        "data_type": "decimal",
        "format": "",
        "mandatory": "O",
        "length": "17,3",
        "description": "Daily\r\ntransaction limit\r\n",
        "sample": "400000"
      },
      {
        "field": "bankCardToken",
        "data_type": "String",
        "format": "",
        "mandatory": "M",
        "length": "128",
        "description": "Card token for payment",
        "sample": "NDA0MzA1OTQwMDAwNjQxNF8wODEyMjAyODQ0NzhfMjEzNTM0ODIxODYzX251bGw=\r\n"
      },
      {
        "field": "additionalInfo",
        "data_type": "Object",
        "format": "",
        "mandatory": "O",
        "length": "",
        "description": "Additional Information",
        "sample": "transaction Datetime\": 2020-12-07 21:00:00\""
      }
    ],
    "response": [
      {
        "field": "responseCode",
        "data_type": "String",
        "format": "",
        "mandatory": "M",
        "length": "7",
        "description": "Response Code\r\n",
        "sample": "2000400"
      },
      {
        "field": "responseMessage",
        "data_type": "String",
        "format": "",
        "mandatory": "M",
        "length": "150",
        "description": "Response Description\r\n",
        "sample": "Successful"
      },
      {
        "field": "referenceNo",
        "data_type": "String",
        "format": "",
        "mandatory": "O",
        "length": "64",
        "description": "Transaction identifier on service provider system Must be filled upon successful transaction",
        "sample": "0230656948"
      },
      {
        "field": "partnerReferenceNo",
        "data_type": "String",
        "format": "",
        "mandatory": "O",
        "length": "64",
        "description": "Transaction identifier on service consumer system",
        "sample": "90909092"
      }
    ],
    "sample_header": "\nX-SIGNATURE:6146151a10b351e8f7c0d3e8098bd32fd2668eb04cb7143f2d5\n63c9527d39a484efa3da1675ca49372e34fcb4c3d885b3b0169728c74d14024e9d139f6459c6b\nX-TIMESTAMP:2022-02-12T13:07:00+07:00\nX-PARTNER-ID:DDBSI00002 \nCHANNEL-ID:12345\nX-EXTERNAL-ID:41807553358950093184162180797837",
    "sample_request":"{\r\n    \"partnerReferenceNo\": \"90909092\",\r\n    \"limit\": \"400000\",\r\n    \"bankCardToken\": \"NDA0MzA1OTQwMDAwNjQxNF8wODEyMjAyODQ0NzhfMjEzNTM0ODIxODYzX251bGw=\",\r\n    \"additionalInfo\": {\r\n        \"transactionDatetime\": \"2020-12-07 21:00:00\"\r\n    }\r\n}",
    "sample_response":"\n{\r\n    \"responseCode\": \"2000400\",\r\n    \"responseMessage\": \"Successful\",\r\n    \"referenceNo\": \"4602055474\",\r\n    \"partnerReferenceNo\": \"90909092\"\r\n}",
    "sample_error": "",
    "list_error": [
      {
        "http_status": "",
        "service_code": "",
        "case_code": "",
        "status": "",
        "response_description": "",
        "description": ""
      }
    ]
  }
}

