{
  "openapi": "3.0.1",
  "info": {
    "title": "API Trigger Intrabank Transfer",
    "description": "API Trigger Intrabank Transfer",
    "version": "1.0"
  },
  "servers": [
    {
      "url": "http://10.0.118.110:5555"
    }
  ],
  "paths": {
    "/v1.0/transfer-intrabank": {
      "post": {
        "operationId": "_post",
        "parameters": [
          
          {
            "name": "X-SIGNATURE",
            "in": "header",
            "required": true,
            "schema": {
              "type": "string"
            }
          },
          {
            "name": "X-TIMESTAMP",
            "in": "header",
            "required": true,
            "schema": {
              "type": "string",
              "default": "2024-03-13T20:50:11+00:00"
            }
          },
          {
            "name": "X-PARTNER-ID",
            "in": "header",
            "required": true,
            "schema": {
              "type": "string",
              "default": "889"
            }
          },
          {
            "name": "X-EXTERNAL-ID",
            "in": "header",
            "required": true,
            "schema": {
              "type": "string"
            }
          },
          {
            "name": "CHANNEL-ID",
            "in": "header",
            "required": true,
            "schema": {
              "type": "string",
              "default":"12345"
            }
          },
          {
            "name": "Content-Type",
            "in": "header",
            "required": true,
            "schema": {
              "type": "string",
              "default":"application/json"
            }
          }

        ],
        "requestBody": {
          "content": {
            "application/json": {
              "schema": {
                "required": [
                  "beneficiaryAccountNo",
                  "partnerReferenceNo",
                  "remark",
                  "sourceAccountNo",
                  "transactionDate"
                ],
                "properties": {
                  "partnerReferenceNo": {
                    "type": "string"
                  },
                  "sourceAccountNo": {
                    "type": "string"
                  },
                  "beneficiaryAccountNo": {
                    "type": "string"
                  },
                  "transactionDate": {
                    "type": "string"
                  },
                  "remark": {
                    "type": "string"
                  }
                }
              }
            }
          },
          "required": true
        },
        "responses": {
          "200": {
            "description": "OK",
            "content": {
              "application/json": {
                "schema": {
                  "$ref": "#/components/schemas/BsmCoreApi.resources.snap.overbookingTransaction:_post_$response"
                }
              }
            }
          },
          "401": {
            "description": "Access Denied",
            "content": {}
          }
        },
        "x-codegen-request-body-name": "amount",
        "security": [
          {
            "bearerAuth": []
          }
        ]
      }
    }
  },
  "components": {
    "securitySchemes": {
      "bearerAuth": {
        "type": "apiKey",
        "schema": "bearer",
        "bearerFormat": "JWT",
        "description": "Enter the token with the `Bearer: ` prefix, e.g. \"Bearer abcde12345\".",
        "name": "Authorization",
        "in": "header"
      }
    },
    "schemas": {
      "BsmCoreApi.resources.snap.overbookingTransaction:_post.amount": {
        "required": [
          "currency",
          "value"
        ],
        "type": "object",
        "properties": {
          "currency": {
            "type": "string"
          },
          "value": {
            "type": "string"
          }
        }
      },
      "BsmCoreApi.resources.snap.overbookingTransaction:_post_$response": {
        "required": [
          "amount",
          "beneficiaryAccountNo",
          "partnerReferenceNo",
          "referenceNo",
          "responseCode",
          "responseMessage",
          "transactionDate"
        ],
        "type": "object",
        "properties": {
          "beneficiaryAccountNo": {
            "type": "string"
          },
          "amount": {
            "$ref": "#/components/schemas/BsmCoreApi.resources.snap.overbookingTransaction:_post.amount"
          },
          "referenceNo": {
            "type": "string"
          },
          "partnerReferenceNo": {
            "type": "string"
          },
          "responseMessage": {
            "type": "string"
          },
          "transactionDate": {
            "type": "string"
          },
          "responseCode": {
            "type": "string"
          }
        }
      }
    }
  },
  "spesification": {
    "endpoint": "/v1.0/transfer-intrabank",
    "endpoint_url": "/BsmCoreApi/resources/snap/overbookingTransaction",
    "header": [
      {
        "key": "Authorization",
        "value": "",
        "format": "Alphanumeric",
        "mandatory": "M",
        "length": "",
        "description": "Bearer <token>"
      },
      {
        "key": "X-TIMESTAMP",
        "value": "",
        "format": "Datetime",
        "mandatory": "M",
        "length": "",
        "description": "The timestamp must be presented in ISO8601 format (yyyy-MM-ddTHH:mm:ss.TZ)"
      },
      {
        "key": "X-SIGNATURE",
        "value": "",
        "format": "Alphanumeric",
        "mandatory": "M",
        "length": "",
        "description": "Transaction signature. Please refer to Transaction Signature section"
      },
      {
        "key": "X-PARTNER-ID",
        "value": "",
        "format": "Alphanumeric",
        "mandatory": "M",
        "length": "",
        "description": "Partner ID given by BSI upon onboarding process"
      },
      {
        "key": "X-EXTERNAL-ID",
        "value": "",
        "format": "String",
        "mandatory": "M",
        "length": "128",
        "description": "Numeric String. Unique ID per request generated by partner"
      },
      {
        "key": "CHANNEL-ID",
        "value": "",
        "format": "Alpha",
        "mandatory": "M",
        "length": "",
        "description": "Numeric String. Unique ID provide by Bank BSI"
      },
      {
        "key": "Content-Type",
        "value": "",
        "format": "Alpha",
        "mandatory": "M",
        "length": "",
        "description": "application/json"
      }
    ],
    "request": [
      {
        "field": "partnerReferenceNo",
        "data_type": "String",
        "format": "",
        "mandatory": "O",
        "length": "64",
        "description": "Transaction identifier on partner\r\nsystem\r\n",
        "sample": "09110004"
      },
      {
        "field": "amount",
        "data_type": "Object",
        "format": "",
        "mandatory": "M",
        "length": "",
        "description": "",
        "sample": ""
      },
      {
        "field": "value",
        "data_type": "String (ISO4217)",
        "format": "",
        "mandatory": "M",
        "length": "16,2",
        "description": "Net amount of the transaction. If it’s IDR then value includes 2 decimal digits.e.g. IDR 10.000,- will be placed with 10000.00",
        "sample": "10001"
      },
      {
        "field": "currency",
        "data_type": "String",
        "format": "",
        "mandatory": "M",
        "length": "3",
        "description": "Currency",
        "sample": "IDR"
      },
      {
        "field": "beneficiaryAccountName",
        "data_type": "String",
        "format": "",
        "mandatory": "M",
        "length": "100",
        "description": "Beneficiary Account Name",
        "sample": "MUHAMM AD AZRAQI AL KHAWARIZMI"
      },
      {
        "field": "beneficiaryAccountNo",
        "data_type": "String",
        "format": "",
        "mandatory": "M",
        "length": "34",
        "description": "Beneficiary Account Number",
        "sample": "001001001"
      },
      {
        "field": "sourceAccountNo",
        "data_type": "String",
        "format": "",
        "mandatory": "M",
        "length": "25",
        "description": "Beneficiary Bank Code",
        "sample": "9090922222222222"
      },
      {
        "field": "transactionDate",
        "data_type": "String",
        "format": "",
        "mandatory": "M",
        "length": "25",
        "description": "transaction date : ISO8601",
        "sample": "17-07-2020T11:07:00"
      },
      {
        "field": "beneficiaryBankCode",
        "data_type": "String",
        "format": "",
        "mandatory": "M",
        "length": "8",
        "description": "Beneficiary Bank Code",
        "sample": "11"
      },
      {
        "field": "additionalInfo",
        "data_type": "Object",
        "format": "",
        "mandatory": "O",
        "length": "",
        "description": "Additional Information for custom use",
        "sample": ""
      }
    ],
    "response": [
      {
        "field": "responseCode",
        "data_type": "String",
        "format": "",
        "mandatory": "M",
        "length": "7",
        "description": "Response Code\r\n",
        "sample": "2001100"
      },
      {
        "field": "responseMessage",
        "data_type": "String",
        "format": "",
        "mandatory": "M",
        "length": "150",
        "description": "Response Description\r\n",
        "sample": "Successful"
      },
      {
        "field": "referenceNo",
        "data_type": "String",
        "format": "",
        "mandatory": "O",
        "length": "15",
        "description": "From Payment Request",
        "sample": "FT160212Y GL7"
      },
      {
        "field": "partnerReferenceNo",
        "data_type": "String",
        "format": "",
        "mandatory": "O",
        "length": "64",
        "description": "Transaction identifier on service consumer system",
        "sample": "099"
      },
      {
        "field": "amount",
        "data_type": "Object",
        "format": "",
        "mandatory": "M",
        "length": "",
        "description": "",
        "sample": ""
      },
      {
        "field": "value",
        "data_type": "String (ISO4217)",
        "format": "",
        "mandatory": "M",
        "length": "16,2",
        "description": "Net amount of the transaction. If it’s IDR then value includes 2 decimal digits.e.g. IDR 10.000,- will be placed with 10000.00",
        "sample": "10001"
      },
      {
        "field": "currency",
        "data_type": "String (ISO4217)",
        "format": "",
        "mandatory": "M",
        "length": "3",
        "description": "Currency",
        "sample": "IDR"
      },
      {
        "field": "beneficiaryAccountNo",
        "data_type": "String",
        "format": "",
        "mandatory": "M",
        "length": "34",
        "description": "Beneficiary Account Number",
        "sample": "001001001"
      },
      {
        "field": "sourceAccountNo",
        "data_type": "String",
        "format": "",
        "mandatory": "M",
        "length": "19",
        "description": "Beneficiary Bank Code",
        "sample": "9090922222222222"
      },
      {
        "field": "beneficiaryBankCode",
        "data_type": "String",
        "format": "",
        "mandatory": "O",
        "length": "8",
        "description": "Beneficiary Bank Code",
        "sample": "11"
      }
    ],
    "sample_header": "\nX-\r\nSIGNATURE:50d6cf9802e8495e157340cdfbdf7ae721c1fbe64d264a08e3f21f13702dc3336752f3fb81824 75f818ae33be85f5116895a7a9aafc18edda4c9d469c52dd567\r\nX-TIMESTAMP:2022-02-12T13:07:00+07:00 X-PARTNER-ID:099\r\nX-EXTERNAL-ID:41807553358950093184162180797837 CHANNEL-ID:12345\r\n",
    "sample_request": "\n{\r\n    \"partnerReferenceNo\": \"09110004\",\r\n    \"amount\": {\r\n        \"value\": \"10001\",\r\n        \"currency\": \"IDR\"\r\n    },\r\n    \"beneficiaryAccountName\": \"MUHAMMAD AZRAQI AL KHAWARIZMI\",\r\n    \"beneficiaryAccountNo\": \"001001001\",\r\n    \"sourceAccountNo\": \"9090922222222222\",\r\n    \"transactionDate\": \"17-07-2020T11:07:00\",\r\n    \"beneficiaryBankCode\": \"11\",\r\n    \"additionalInfo\": {\r\n        \"remark\": \"test online transfer VA to Regular\",\r\n        \"sourceAccountType\": \"VA\"\r\n    }\r\n}",
    "sample_response": "\n{\r\n    \"responseCode\": \"2004600\",\r\n    \"responseMessage\": \"Successful\",\r\n    \"referenceNo\": \"FT16021KV77K\",\r\n    \"partnerReferenceNo\": \"09110004\",\r\n    \"amount\": {\r\n        \"value\": \"10001\",\r\n        \"currency\": \"IDR\"\r\n    },\r\n    \"beneficiaryAccountNo\": \"001001001\",\r\n    \"sourceAccountNo\": \"9090922222222222\",\r\n    \"beneficiaryBankCode\": \"11\"\r\n}",
    "sample_error": "",
    "list_error": [
      {
        "http_status": "",
        "service_code": "",
        "case_code": "",
        "status": "",
        "response_description": "",
        "description": ""
      }
    ]
  }
}