{
  "openapi": "3.0.1",
  "info": {
    "title": "API Virtual Account - Inquiry - BPI",
    "description": "API Virtual Account - Inquiry - BPI",
    "version": "1.0"
  },
  "servers": [
    {
      "url": "http://10.0.118.110:5555"
    }
  ],
  "paths": {
    "/v1.0/transfer-va/inquiry-intrabank": {
      "post": {
        "operationId": "_post",
        "parameters": [
          
          {
            "name": "X-SIGNATURE",
            "in": "header",
            "required": true,
            "schema": {
              "type": "string"
            }
          },
          {
            "name": "X-TIMESTAMP",
            "in": "header",
            "required": true,
            "schema": {
              "type": "string",
              "default": "2024-03-13T20:50:11+00:00"
            }
          },
          {
            "name": "X-PARTNER-ID",
            "in": "header",
            "required": true,
            "schema": {
              "type": "string",
              "default": "889"
            }
          },
          {
            "name": "X-EXTERNAL-ID",
            "in": "header",
            "required": true,
            "schema": {
              "type": "string"
            }
          },
          {
            "name": "CHANNEL-ID",
            "in": "header",
            "required": true,
            "schema": {
              "type": "string",
              "default":"12345"
            }
          },
          {
            "name": "Content-Type",
            "in": "header",
            "required": true,
            "schema": {
              "type": "string",
              "default":"application/json"
            }
          }

        ],
        "requestBody": {
          "content": {
            "application/json": {
              "schema": {
                "required": [
                  "currency",
                  "customerNo",
                  "inquiryRequestId",
                  "partnerServiceId",
                  "trxDateInit",
                  "virtualAccountNo"
                ],
                "properties": {
                  "partnerServiceId": {
                    "type": "string"
                  },
                  "customerNo": {
                    "type": "string"
                  },
                  "trxDateInit": {
                    "type": "string"
                  },
                  "virtualAccountNo": {
                    "type": "string"
                  },
                  "currency": {
                    "type": "string"
                  },
                  "inquiryRequestId": {
                    "type": "string"
                  }
                }
              }
            }
          },
          "required": true
        },
        "responses": {
          "200": {
            "description": "OK",
            "content": {
              "application/json": {
                "schema": {
                  "$ref": "#/components/schemas/BpiApiSnap.resources.snap.inquiry:_post_$response"
                }
              }
            }
          },
          "401": {
            "description": "Access Denied",
            "content": {}
          }
        },
        "x-codegen-request-body-name": "additionalInfo",
        "security": [
          {
            "bearerAuth": []
          }
        ]
      }
    }
  },
  "components": {
    "securitySchemes": {
      "bearerAuth": {
        "type": "apiKey",
        "schema": "bearer",
        "bearerFormat": "JWT",
        "description": "Enter the token with the `Bearer: ` prefix, e.g. \"Bearer abcde12345\".",
        "name": "Authorization",
        "in": "header"
      }
    },
    "schemas": {
      "BpiApiSnap.resources.snap.inquiry:_post.additionalInfo": {
        "required": [
          "amount",
          "billerId",
          "info1",
          "info2",
          "instName",
          "studentName"
        ],
        "type": "object",
        "properties": {
          "billerId": {
            "type": "string"
          },
          "amount": {
            "type": "string"
          },
          "studentName": {
            "type": "string"
          },
          "info1": {
            "type": "string"
          },
          "instName": {
            "type": "string"
          },
          "info2": {
            "type": "string"
          }
        }
      },
      "BpiApiSnap.resources.snap.inquiry:_post_$response": {
        "required": [
          "additionalInfo",
          "currency",
          "inquiryRequestId",
          "partnerServiceId",
          "responseCode",
          "responseMessage"
        ],
        "type": "object",
        "properties": {
          "partnerServiceId": {
            "type": "string"
          },
          "additionalInfo": {
            "$ref": "#/components/schemas/BpiApiSnap.resources.snap.inquiry:_post.additionalInfo"
          },
          "currency": {
            "type": "string"
          },
          "responseMessage": {
            "type": "string"
          },
          "inquiryRequestId": {
            "type": "string"
          },
          "responseCode": {
            "type": "string"
          }
        }
      }
    }
  },
  "spesification": {
    "endpoint": "/v1.0/transfer-va/inquiry-intrabank",
    "endpoint_url": "/BpiApiSnap/resources/snap/inquiry",
    "header": [
      {
        "key": "Authorization",
        "value": "",
        "format": "Alphanumeric",
        "mandatory": "M",
        "length": "",
        "description": "Bearer <token>"
      },
      {
        "key": "X-TIMESTAMP",
        "value": "",
        "format": "Datetime",
        "mandatory": "M",
        "length": "",
        "description": "The timestamp must be presented in ISO8601 format (yyyy-MM-ddTHH:mm:ss.TZ)"
      },
      {
        "key": "X-SIGNATURE",
        "value": "",
        "format": "Alphanumeric",
        "mandatory": "M",
        "length": "",
        "description": "Transaction signature. Please refer to Transaction Signature section"
      },
      {
        "key": "X-PARTNER-ID",
        "value": "",
        "format": "Alphanumeric",
        "mandatory": "M",
        "length": "",
        "description": "Partner ID given by BSI upon onboarding process"
      },
      {
        "key": "X-EXTERNAL-ID",
        "value": "",
        "format": "String",
        "mandatory": "M",
        "length": "128",
        "description": "Numeric String. Unique ID per request generated by partner"
      },
      {
        "key": "CHANNEL-ID",
        "value": "",
        "format": "Alpha",
        "mandatory": "M",
        "length": "",
        "description": "Numeric String. Unique ID provide by Bank BSI"
      },
      {
        "key": "Content-Type",
        "value": "",
        "format": "Alpha",
        "mandatory": "M",
        "length": "",
        "description": "application/json"
      }
    ],
    "request": [
      {
        "field": "partnerServiceId",
        "data_type": "String",
        "format": "",
        "mandatory": "M",
        "length": "8",
        "description": "Derivative of X-PARTNER-ID, similar to company code, 8 digit left padding space. partnerServic eId + customerNo or virtualAccountNo\r\n",
        "sample": "889"
      },
      {
        "field": "customerNo",
        "data_type": "String",
        "format": "",
        "mandatory": "M",
        "length": "20",
        "description": "Unique number (up to 20 digits). partnerServic eId + customerNo or virtualAccountNo",
        "sample": "12345678901234"
      },
      {
        "field": "trxDateTime",
        "data_type": "Date",
        "format": "",
        "mandatory": "O",
        "length": "25",
        "description": "PJP internal system datetime with timezone, which follows the ISO-8601 standard\r\n\r\n",
        "sample": "23-08-2019T10:09:23"
      },
      {
        "field": "amount",
        "data_type": "Object",
        "format": "",
        "mandatory": "M",
        "length": "",
        "description": "",
        "sample": ""
      },
      {
        "field": "value",
        "data_type": "String (ISO4217)",
        "format": "",
        "mandatory": "M",
        "length": "16,2",
        "description": "Paid Amount with 2\r\ndecimal\r\n",
        "sample": "12345678.00"
      },
      {
        "field": "currency",
        "data_type": "String",
        "format": "",
        "mandatory": "M",
        "length": "3",
        "description": "Currency",
        "sample": "IDR"
      },
      {
        "field": "virtualAccountNo",
        "data_type": "String",
        "format": "",
        "mandatory": "M",
        "length": "28",
        "description": "partnerServic eId (8 digit left padding space) + customerNo (up to 20 digits). partnerServiceId + customerNo or virtualAccountNo\r\n\r\n",
        "sample": "2110199457\r\n"
      },
      {
        "field": "inquiryRequestId",
        "data_type": "String",
        "format": "",
        "mandatory": "M",
        "length": "128",
        "description": "Unique identifier for this Inquiry. Generated by PJP.",
        "sample": "123456701"
      },
      {
        "field": "additionalInfo",
        "data_type": "Object",
        "format": "",
        "mandatory": "O",
        "length": "",
        "description": "Additional Information for custom use",
        "sample": ""
      },
      {
        "field": "billerId",
        "data_type": "",
        "format": "",
        "mandatory": "",
        "length": "",
        "description": "",
        "sample": ""
      }
    ],
    "response": [
      {
        "field": "responseCode",
        "data_type": "String",
        "format": "",
        "mandatory": "M",
        "length": "7",
        "description": "Response Code\r\n",
        "sample": "2001100"
      },
      {
        "field": "responseMessage",
        "data_type": "String",
        "format": "",
        "mandatory": "M",
        "length": "150",
        "description": "Response Description\r\n",
        "sample": "Successful"
      },
      {
        "field": "virtualAccountData",
        "data_type": "Object",
        "format": "",
        "mandatory": "M",
        "length": "",
        "description": "",
        "sample": ""
      },
      {
        "field": "virtualAccountNo",
        "data_type": "String",
        "format": "",
        "mandatory": "M",
        "length": "28",
        "description": "partnerServic eId (8 digit left padding space) + customerNo (up to 20 digits). partnerService\r\n",
        "sample": "2110199457"
      },
      {
        "field": "virtualAccountName",
        "data_type": "String",
        "format": "",
        "mandatory": "M",
        "length": "255",
        "description": "Customer name",
        "sample": ""
      },
      {
        "field": "partnerServiceId",
        "data_type": "String",
        "format": "",
        "mandatory": "M",
        "length": "8",
        "description": "Derivative of X- PARTNER-ID, similar to company code, 8 digit left padding space. partnerServic eId + customerNo or virtualAccountNo\r\n",
        "sample": ""
      },
      {
        "field": "amount",
        "data_type": "Object",
        "format": "",
        "mandatory": "M",
        "length": "",
        "description": "",
        "sample": ""
      },
      {
        "field": "currency",
        "data_type": "String",
        "format": "",
        "mandatory": "M",
        "length": "3",
        "description": "Currency",
        "sample": "360"
      },
      {
        "field": "value",
        "data_type": "String (ISO4217)",
        "format": "",
        "mandatory": "M",
        "length": "16,2",
        "description": "Transaction Amount",
        "sample": ""
      },
      {
        "field": "inquiryRequestId",
        "data_type": "String",
        "format": "",
        "mandatory": "M",
        "length": "128",
        "description": "From Inquiry Request",
        "sample": "00000048"
      },
      {
        "field": "customerNo",
        "data_type": "String",
        "format": "",
        "mandatory": "M",
        "length": "20",
        "description": "Unique number (up to 20 digits). partnerServic eId + customerNo or 8 digit left padding space. partnerServic eId + customerNo or virtualAccountNo\r\n\r\n",
        "sample": ""
      },
      {
        "field": "billDetails",
        "data_type": "Array of Objects",
        "format": "",
        "mandatory": "O",
        "length": "",
        "description": "",
        "sample": ""
      },
      {
        "field": "billNo",
        "data_type": "String",
        "format": "",
        "mandatory": "O",
        "length": "18",
        "description": "Bill number from Partner",
        "sample": ""
      },
      {
        "field": "billName",
        "data_type": "String",
        "format": "",
        "mandatory": "O",
        "length": "20",
        "description": "Bill Name",
        "sample": "TOPUP"
      },
      {
        "field": "additionalInfo",
        "data_type": "Object",
        "format": "",
        "mandatory": "O",
        "length": "",
        "description": "Additional Information for custom use",
        "sample": ""
      },
      {
        "field": "info1",
        "data_type": "",
        "format": "",
        "mandatory": "",
        "length": "",
        "description": "",
        "sample": "TAGIHAN"
      },
      {
        "field": "info2",
        "data_type": "",
        "format": "",
        "mandatory": "",
        "length": "",
        "description": "",
        "sample": "-"
      },
      {
        "field": "instName",
        "data_type": "",
        "format": "",
        "mandatory": "",
        "length": "",
        "description": "",
        "sample": "SANDBOX"
      }
    ],
    "sample_header": "\nX-\r\nSIGNATURE:3a2264babc4bea574fdb03d81520be00f1752633c208f52eb9dd367821ff38cc0d408a53bf88f e41496cb00c2dce95b4730eea1cb77809b6d1a3d9b6dcd0bfb5\r\nX-TIMESTAMP:2022-02-12T13:07:00+07:00 X-PARTNER-ID:099\r\nX-EXTERNAL-ID:41807553358950093184162180797837 CHANNEL-ID:12345\r\n",
    "sample_request": "\n{\r\n    \"partnerServiceId\": \"889\",\r\n    \"customerNo\": \"12345678901234\",\r\n    \"trxDateInit\": \"23-08-2019T10:09:23\",\r\n    \"amount\": {\r\n        \"value\": \"12345678.00\",\r\n        \"currency\": \"IDR\"\r\n    },\r\n    \"virtualAccountNo\": \"2110199457\",\r\n    \"inquiryRequestId\": \"123456701\",\r\n    \"additionalInfo\": {\r\n        \"billerId\": \"5050999999123401\"\r\n    }\r\n}",
    "sample_response": "\n{\r\n    \"responseCode\": \"2002400\",\r\n    \"responseMessage\": \"Successful\",\r\n    \"virtualAccountData\": {\r\n        \"virtualAccountNo\": \"source account no\",\r\n        \"virtualAccountName\": \"source account name\",\r\n        \"partnerServiceId\": \"889\",\r\n        \"amount\": {\r\n            \"currency\": \"360\",\r\n            \"value\": \"10000\"\r\n        },\r\n        \"inquiryRequestId\": \"123456701\",\r\n        \"customerNo\": \"12345678901234\",\r\n        \"billDetails\": [\r\n            {\r\n                \"billNo\": \"5050999999123401\",\r\n                \"billName\": \"10000 TES 12 DIGIT KE 1 OPEN \"\r\n            }\r\n        ]\r\n    },\r\n    \"additionalInfo\": {\r\n        \"info1\": \"TAGIHAN                      \",\r\n        \"info2\": \"-                            \",\r\n        \"instName\": \"SANDBOX                      \"\r\n    }\r\n}",
    "sample_error": "",
    "list_error": [
      {
        "http_status": "",
        "service_code": "",
        "case_code": "",
        "status": "",
        "response_description": "",
        "description": ""
      }
    ]
  }
}