{
  "openapi": "3.0.1",
  "info": {
    "title": "API External Account Inquiry",
    "description": "API External Account Inquiry",
    "version": "1.0"
  },
  "servers": [
    {
      "url": "http://10.0.118.110:5555"
    }
  ],
  "paths": {
    "/v1.0/account-inquiry-external": {
      "post": {
        "operationId": "_post",
        "parameters": [
          
          {
            "name": "X-SIGNATURE",
            "in": "header",
            "required": true,
            "schema": {
              "type": "string"
            }
          },
          {
            "name": "X-TIMESTAMP",
            "in": "header",
            "required": true,
            "schema": {
              "type": "string",
              "default": "2024-03-13T20:50:11+00:00"
            }
          },
          {
            "name": "X-PARTNER-ID",
            "in": "header",
            "required": true,
            "schema": {
              "type": "string",
              "default": "889"
            }
          },
          {
            "name": "X-EXTERNAL-ID",
            "in": "header",
            "required": true,
            "schema": {
              "type": "string"
            }
          },
          {
            "name": "CHANNEL-ID",
            "in": "header",
            "required": true,
            "schema": {
              "type": "string",
              "default":"12345"
            }
          },
          {
            "name": "Content-Type",
            "in": "header",
            "required": true,
            "schema": {
              "type": "string",
              "default":"application/json"
            }
          }

        ],
        "requestBody": {
          "content": {
            "application/json": {
              "schema": {
                "required": [
                  "beneficiaryAccountNo",
                  "beneficiaryBankCode",
                  "partnerReferenceNo"
                ],
                "properties": {
                  "beneficiaryBankCode": {
                    "type": "string"
                  },
                  "beneficiaryAccountNo": {
                    "type": "string"
                  },
                  "partnerReferenceNo": {
                    "type": "string"
                  }
                }
              }
            }
          },
          "required": true
        },
        "responses": {
          "200": {
            "description": "OK",
            "content": {
              "application/json": {
                "schema": {
                  "$ref": "#/components/schemas/BsmCoreApi.resources.snap.inquiryOnlineTransfer:_post_$response"
                }
              }
            }
          },
          "401": {
            "description": "Access Denied",
            "content": {}
          }
        },
        "x-codegen-request-body-name": "additionalInfo",
        "security": [
          {
            "bearerAuth": []
          }
        ]
      }
    }
  },
  "components": {
    "securitySchemes": {
      "bearerAuth": {
        "type": "apiKey",
        "schema": "bearer",
        "bearerFormat": "JWT",
        "description": "Enter the token with the `Bearer: ` prefix, e.g. \"Bearer abcde12345\".",
        "name": "Authorization",
        "in": "header"
      }
    },
    "schemas": {
      "BsmCoreApi.resources.snap.inquiryOnlineTransfer:_post.additionalInfo": {
        "required": [
          "currencyDebit",
          "sourceAccount",
          "sourceAccountType",
          "transactionDatetime"
        ],
        "type": "object",
        "properties": {
          "currencyDebit": {
            "type": "string"
          },
          "transactionDatetime": {
            "type": "string"
          },
          "sourceAccount": {
            "type": "string"
          },
          "sourceAccountType": {
            "type": "string"
          }
        }
      },
      "BsmCoreApi.resources.snap.inquiryOnlineTransfer:_post_$response": {
        "required": [
          "beneficiaryAccountName",
          "beneficiaryAccountNo",
          "beneficiaryBankName",
          "responseCode",
          "responseMessage"
        ],
        "type": "object",
        "properties": {
          "beneficiaryAccountNo": {
            "type": "string"
          },
          "beneficiaryAccountName": {
            "type": "string"
          },
          "beneficiaryBankName": {
            "type": "string"
          },
          "responseMessage": {
            "type": "string"
          },
          "responseCode": {
            "type": "string"
          }
        }
      }
    }
  },
  "spesification": {
    "endpoint": "/v1.0/account-inquiry-external",
    "endpoint_url": "/BsmCoreApi/resources/snap/inquiryOnlineTransfer",
    "header": [
      {
        "key": "Authorization",
        "value": "",
        "format": "Alphanumeric",
        "mandatory": "M",
        "length": "",
        "description": "Bearer <token>"
      },
      {
        "key": "X-TIMESTAMP",
        "value": "",
        "format": "Datetime",
        "mandatory": "M",
        "length": "",
        "description": "The timestamp must be presented in ISO8601 format (yyyy-MM-ddTHH:mm:ss.TZ)"
      },
      {
        "key": "X-SIGNATURE",
        "value": "",
        "format": "Alphanumeric",
        "mandatory": "M",
        "length": "",
        "description": "Transaction signature. Please refer to Transaction Signature section"
      },
      {
        "key": "X-PARTNER-ID",
        "value": "",
        "format": "Alphanumeric",
        "mandatory": "M",
        "length": "",
        "description": "Partner ID given by BSI upon onboarding process"
      },
      {
        "key": "X-EXTERNAL-ID",
        "value": "",
        "format": "String",
        "mandatory": "M",
        "length": "128",
        "description": "Numeric String. Unique ID per request generated by partner"
      },
      {
        "key": "CHANNEL-ID",
        "value": "",
        "format": "Alpha",
        "mandatory": "M",
        "length": "",
        "description": "Numeric String. Unique ID provide by Bank BSI"
      },
      {
        "key": "Content-Type",
        "value": "",
        "format": "Alpha",
        "mandatory": "M",
        "length": "",
        "description": "application/json"
      }
    ],
    "request": [
      {
        "field": "beneficiaryBankCode",
        "data_type": "String",
        "format": "",
        "mandatory": "M",
        "length": "8",
        "description": "Beneficiary Bank Code",
        "sample": "14"
      },
      {
        "field": "beneficiaryAccountNo",
        "data_type": "String",
        "format": "",
        "mandatory": "M",
        "length": "34",
        "description": "Beneficiary Account Number",
        "sample": "123456"
      },
      {
        "field": "partnerReferenceNo",
        "data_type": "String",
        "format": "",
        "mandatory": "O",
        "length": "64",
        "description": "Transaction identifier on service consumer system",
        "sample": "18030002"
      },
      {
        "field": "additionalInfo",
        "data_type": "Object",
        "format": "",
        "mandatory": "O",
        "length": "",
        "description": "Additional Information",
        "sample": ""
      }
    ],
    "response": [
      {
        "field": "responseCode",
        "data_type": "String",
        "format": "",
        "mandatory": "M",
        "length": "7",
        "description": "Response Code\r\n",
        "sample": "2004500"
      },
      {
        "field": "responseMessage",
        "data_type": "String",
        "format": "",
        "mandatory": "M",
        "length": "150",
        "description": "Response Description\r\n",
        "sample": "Successful"
      },
      {
        "field": "beneficiaryAccountNo",
        "data_type": "String",
        "format": "",
        "mandatory": "M",
        "length": "34",
        "description": "Beneficiary Account Number",
        "sample": "123456"
      },
      {
        "field": "beneficiaryAccountName",
        "data_type": "String",
        "format": "",
        "mandatory": "M",
        "length": "100",
        "description": "Beneficiary Account Name",
        "sample": "Visa Priority"
      },
      {
        "field": "beneficiaryBankCode",
        "data_type": "String",
        "format": "",
        "mandatory": "O",
        "length": "8",
        "description": "Beneficiary\r\nBank Code\r\n",
        "sample": "14"
      },
      {
        "field": "beneficiaryBankName",
        "data_type": "String",
        "format": "",
        "mandatory": "O",
        "length": "50",
        "description": "Beneficiary\r\nBank Name\r\n",
        "sample": "BCA"
      },
      {
        "field": "currency",
        "data_type": "String",
        "format": "",
        "mandatory": "M",
        "length": "3",
        "description": "Currency",
        "sample": "IDR"
      }
    ],
    "sample_header": "\nX-\r\nSIGNATURE:0b76cbe4a34376f8440805d9cae65c755eb9a070d667db79c05e65d4c3d9e1bc502ab6ef809c bef9f59f1b2d76fe1f1aaa605aaedb18a5d78567bb407a254d4d\r\nX-TIMESTAMP:2022-02-12T13:07:00+07:00\r\nContent-Type:application\/json X-PARTNER-ID:889\r\nX-EXTERNAL-ID:41807553358950093184162180797837 CHANNEL-ID:12345\r\n",
    "sample_request": "\n{\r\n    \"beneficiaryBankCode\": \"14\",\r\n    \"beneficiaryAccountNo\": \"123456\",\r\n    \"partnerReferenceNo\": \"18030002\",\r\n    \"additionalInfo\": {\r\n        \"sourceAccount\": \"2110199457\",\r\n        \"transactionDatetime\": \"17-08-2019T10:10:10\",\r\n        \"currencyDebit\": \"IDR\",\r\n        \"sourceAccountType\": \"RG\"\r\n    }\r\n}",
    "sample_response": "\n{\r\n    \"responseCode\": \"2004500\",\r\n    \"responseMessage\": \"Successful\",\r\n    \"beneficiaryAccountNo\": \"123456\",\r\n    \"beneficiaryAccountName\": \"Visa Priority\",\r\n    \"beneficiaryBankCode\": \"14\",\r\n    \"beneficiaryBankName\": \"BCA\",\r\n    \"currency\": \"IDR\"\r\n}",
    "sample_error": "",
    "list_error": [
      {
        "http_status": "",
        "service_code": "",
        "case_code": "",
        "status": "",
        "response_description": "",
        "description": ""
      }
    ]
  }
}