{
  "openapi": "3.0.1",
  "info": {
    "title": "payment",
    "description": "payment for API VA Payment",
    "version": "1.0"
  },
  "servers": [
    {
      "url": "http://10.0.118.110:5555"
    }
  ],
  "paths": {
    "/v1.0/transfer-va/payment": {
      "post": {
        "operationId": "_post",
        "parameters": [
          
          {
            "name": "X-SIGNATURE",
            "in": "header",
            "required": true,
            "schema": {
              "type": "string"
            }
          },
          {
            "name": "X-TIMESTAMP",
            "in": "header",
            "required": true,
            "schema": {
              "type": "string",
              "default": "2024-03-13T20:50:11+00:00"
            }
          },
          {
            "name": "X-PARTNER-ID",
            "in": "header",
            "required": true,
            "schema": {
              "type": "string",
              "default": "889"
            }
          },
          {
            "name": "X-EXTERNAL-ID",
            "in": "header",
            "required": true,
            "schema": {
              "type": "string"
            }
          },
          {
            "name": "CHANNEL-ID",
            "in": "header",
            "required": true,
            "schema": {
              "type": "string",
              "default":"12345"
            }
          },
          {
            "name": "Content-Type",
            "in": "header",
            "required": true,
            "schema": {
              "type": "string",
              "default":"application/json"
            }
          }

        ],
        "requestBody": {
          "content": {
            "application/json": {
              "schema": {
                "required": [
                  "channelCode",
                  "customerNo",
                  "partnerServiceId",
                  "trxDateTime",
                  "trxId"
                ],
                "properties": {
                  "partnerServiceId": {
                    "type": "string"
                  },
                  "customerNo": {
                    "type": "string"
                  },
                  "trxId": {
                    "type": "string"
                  },
                  "trxDateTime": {
                    "type": "string"
                  },
                  "channelCode": {
                    "type": "string"
                  }
                }
              }
            }
          },
          "required": true
        },
        "responses": {
          "200": {
            "description": "OK",
            "content": {
              "application/json": {
                "schema": {
                  "$ref": "#/components/schemas/ApiVaPaymentSnap.resources.snap.payment:_post_$response"
                }
              }
            }
          },
          "401": {
            "description": "Access Denied",
            "content": {}
          }
        },
        "x-codegen-request-body-name": "bodyParameters",
        "security": [
          {
            "bearerAuth": []
          }
        ]
      }
    }
  },
  "components": {
    "securitySchemes": {
      "bearerAuth": {
        "type": "apiKey",
        "schema": "bearer",
        "bearerFormat": "JWT",
        "description": "Enter the token with the `Bearer: ` prefix, e.g. \"Bearer abcde12345\".",
        "name": "Authorization",
        "in": "header"
      }
    },
    "schemas": {
      "ApiVaPaymentSnap.resources.snap.payment:_post.paidAmount": {
        "required": [
          "currency",
          "value"
        ],
        "type": "object",
        "properties": {
          "currency": {
            "type": "string"
          },
          "value": {
            "type": "string"
          }
        }
      },
      "ApiVaPaymentSnap.resources.snap.payment:_post.reservedDocList": {
        "required": [
          "attributeName",
          "attributeValue"
        ],
        "type": "object",
        "properties": {
          "attributeValue": {
            "type": "string"
          },
          "attributeName": {
            "type": "string"
          }
        }
      },
      "ApiVaPaymentSnap.resources.snap.payment:_post_bodyParameters": {
        "required": [
          "additionalInfo",
          "paidAmount"
        ],
        "type": "object",
        "properties": {
          "additionalInfo": {
            "$ref": "#/components/schemas/ApiVaPaymentSnap.resources.snap.payment:_post.additionalInfo"
          },
          "paidAmount": {
            "$ref": "#/components/schemas/ApiVaPaymentSnap.resources.snap.payment:_post.paidAmount"
          }
        }
      },
      "ApiVaPaymentSnap.resources.snap.payment:_post_$response": {
        "required": [
          "additionalInfo",
          "partnerServiceId",
          "responseCode",
          "responseMessage",
          "trxId"
        ],
        "type": "object",
        "properties": {
          "partnerServiceId": {
            "type": "string"
          },
          "additionalInfo": {
            "$ref": "#/components/schemas/ApiVaPaymentSnap.resources.snap.payment:_post.additionalInfo"
          },
          "responseMessage": {
            "type": "string"
          },
          "trxId": {
            "type": "string"
          },
          "responseCode": {
            "type": "string"
          }
        }
      },
      "ApiVaPaymentSnap.resources.snap.payment:_post.receiptInfo": {
        "required": [
          "label",
          "value"
        ],
        "type": "object",
        "properties": {
          "label": {
            "type": "string"
          },
          "value": {
            "type": "string"
          }
        }
      },
      "ApiVaPaymentSnap.resources.snap.payment:_post.additionalInfo": {
        "required": [
          "billFlagMap",
          "billKey1",
          "billKey2",
          "billKey3",
          "cardAcceptorTermId",
          "companyCode",
          "creditAccount",
          "creditAmount",
          "creditAmountCorporate",
          "creditCurrency",
          "currencyCode",
          "customerAccountType",
          "customerChargesAmount",
          "debitAccount",
          "debitAmount",
          "debitAmountCorporate",
          "debitCurrency",
          "ebsRemark",
          "ibtBuyRate",
          "ibtSellRate",
          "languageCode",
          "merchantType",
          "primaryAccountNumber",
          "receiptInfo",
          "reserved1",
          "reserved2",
          "reservedDocList",
          "reservedField1",
          "reservedField2",
          "sBankReference",
          "traceNumber",
          "track2data",
          "ttBuyRate",
          "ttSellRate",
          "valueDate"
        ],
        "type": "object",
        "properties": {
          "sBankReference": {
            "type": "string"
          },
          "debitAccount": {
            "type": "string"
          },
          "traceNumber": {
            "type": "string"
          },
          "debitCurrency": {
            "type": "string"
          },
          "ibtSellRate": {
            "type": "string"
          },
          "primaryAccountNumber": {
            "type": "string"
          },
          "track2data": {
            "type": "string"
          },
          "creditAmountCorporate": {
            "type": "string"
          },
          "reservedField1": {
            "type": "string"
          },
          "billKey2": {
            "type": "string"
          },
          "billKey3": {
            "type": "string"
          },
          "billFlagMap": {
            "type": "string"
          },
          "reservedDocList": {
            "type": "array",
            "items": {
              "$ref": "#/components/schemas/ApiVaPaymentSnap.resources.snap.payment:_post.reservedDocList"
            }
          },
          "ebsRemark": {
            "type": "string"
          },
          "reserved2": {
            "type": "string"
          },
          "reserved1": {
            "type": "string"
          },
          "billKey1": {
            "type": "string"
          },
          "merchantType": {
            "type": "string"
          },
          "companyCode": {
            "type": "string"
          },
          "cardAcceptorTermId": {
            "type": "string"
          },
          "debitAmountCorporate": {
            "type": "string"
          },
          "creditAccount": {
            "type": "string"
          },
          "ibtBuyRate": {
            "type": "string"
          },
          "customerAccountType": {
            "type": "string"
          },
          "debitAmount": {
            "type": "string"
          },
          "valueDate": {
            "type": "string"
          },
          "languageCode": {
            "type": "string"
          },
          "reservedField2": {
            "type": "string"
          },
          "customerChargesAmount": {
            "type": "string"
          },
          "ttSellRate": {
            "type": "string"
          },
          "receiptInfo": {
            "type": "array",
            "items": {
              "$ref": "#/components/schemas/ApiVaPaymentSnap.resources.snap.payment:_post.receiptInfo"
            }
          },
          "ttBuyRate": {
            "type": "string"
          },
          "creditCurrency": {
            "type": "string"
          },
          "creditAmount": {
            "type": "string"
          },
          "currencyCode": {
            "type": "string"
          }
        }
      }
    }
  },
  "spesification": {
    "endpoint": "/v1.0/transfer-va/payment",
    "endpoint_url": "/ApiVaPaymentSnap/resources/snap/payment",
    "header": [
      {
        "key": "Authorization",
        "value": "",
        "format": "Alphanumeric",
        "mandatory": "M",
        "length": "",
        "description": "Bearer <token>"
      },
      {
        "key": "X-TIMESTAMP",
        "value": "",
        "format": "Datetime",
        "mandatory": "M",
        "length": "",
        "description": "The timestamp must be presented in ISO8601 format (yyyy-MM-ddTHH:mm:ss.TZ)"
      },
      {
        "key": "X-SIGNATURE",
        "value": "",
        "format": "Alphanumeric",
        "mandatory": "M",
        "length": "",
        "description": "Transaction signature. Please refer to Transaction Signature section"
      },
      {
        "key": "X-PARTNER-ID",
        "value": "",
        "format": "Alphanumeric",
        "mandatory": "M",
        "length": "",
        "description": "Partner ID given by BSI upon onboarding process"
      },
      {
        "key": "X-EXTERNAL-ID",
        "value": "",
        "format": "String",
        "mandatory": "M",
        "length": "128",
        "description": "Numeric String. Unique ID per request generated by partner"
      },
      {
        "key": "CHANNEL-ID",
        "value": "",
        "format": "Alpha",
        "mandatory": "M",
        "length": "",
        "description": "Numeric String. Unique ID provide by Bank BSI"
      },
      {
        "key": "Content-Type",
        "value": "",
        "format": "Alpha",
        "mandatory": "M",
        "length": "",
        "description": "application/json"
      }
    ],
    "request": [
      {
        "field": "partnerServiceId",
        "data_type": "String",
        "format": "",
        "mandatory": "M",
        "length": "8",
        "description": "Derivative of X-PARTNER-ID, similar to company code, 8 digit left padding space. partnerServic eId + customerNo or virtualAccountNo\r\n",
        "sample": "099"
      },
      {
        "field": "customerNo",
        "data_type": "String",
        "format": "",
        "mandatory": "M",
        "length": "20",
        "description": "Unique number (up to 20 digits). partnerServic eId + customerNo or virtualAccountNo",
        "sample": "12345678901234"
      },
      {
        "field": "virtualAccountNo",
        "data_type": "String",
        "format": "",
        "mandatory": "M",
        "length": "28",
        "description": "partnerServic eId (8 digit left padding space) + customerNo (up to 20 digits). partnerServiceId + customerNo or virtualAccountNo\r\n\r\n",
        "sample": "2110199457\r\n"
      },
      {
        "field": "paymentRequestId",
        "data_type": "String",
        "format": "",
        "mandatory": "M",
        "length": "128",
        "description": "Unique identifier generated by PJP. If Payment comes from the Inquiry process, this value must be the same with inquiryRequestId.\r\n",
        "sample": "12345678"
      },
      {
        "field": "trxDateTime",
        "data_type": "Date",
        "format": "",
        "mandatory": "O",
        "length": "25",
        "description": "PJP internal system datetime with timezone, which follows the ISO-8601 standard\r\n\r\n",
        "sample": "20210609144500"
      },
      {
        "field": "channelCode",
        "data_type": "Number",
        "format": "",
        "mandatory": "O",
        "length": "4",
        "description": "Channel code based on ISO 18245",
        "sample": "2"
      },
      {
        "field": "cumulativePaymentAmount",
        "data_type": "Object",
        "format": "",
        "mandatory": "O",
        "length": "",
        "description": "",
        "sample": "10000"
      },
      {
        "field": "paidAmount",
        "data_type": "Object",
        "format": "",
        "mandatory": "M",
        "length": "",
        "description": "",
        "sample": ""
      },
      {
        "field": "value",
        "data_type": "String (ISO4217)",
        "format": "",
        "mandatory": "M",
        "length": "16,2",
        "description": "Paid Amount with 2\r\ndecimal\r\n",
        "sample": "10000"
      },
      {
        "field": "currency",
        "data_type": "String",
        "format": "",
        "mandatory": "M",
        "length": "3",
        "description": "Currency",
        "sample": "360"
      },
      {
        "field": "additionalInfo",
        "data_type": "Object",
        "format": "",
        "mandatory": "O",
        "length": "",
        "description": "Additional Information for custom use",
        "sample": ""
      }
    ],
    "response": [
      {
        "field": "responseCode",
        "data_type": "String",
        "format": "",
        "mandatory": "M",
        "length": "7",
        "description": "Response Code\r\n",
        "sample": "2001100"
      },
      {
        "field": "responseMessage",
        "data_type": "String",
        "format": "",
        "mandatory": "M",
        "length": "150",
        "description": "Response Description\r\n",
        "sample": "Successful"
      },
      {
        "field": "virtualAccountData",
        "data_type": "Object",
        "format": "",
        "mandatory": "M",
        "length": "",
        "description": "",
        "sample": ""
      },
      {
        "field": "customerNo",
        "data_type": "String",
        "format": "",
        "mandatory": "M",
        "length": "20",
        "description": "Unique number (up to 20 digits). partnerServic eId + customerNo or 8 digit left padding space. partnerServic eId + customerNo or virtualAccountNo\r\n\r\n",
        "sample": "12345678901234"
      },
      {
        "field": "virtualAccountNo",
        "data_type": "String",
        "format": "",
        "mandatory": "M",
        "length": "28",
        "description": "partnerServic eId (8 digit left padding space) + customerNo (up to 20 digits). partnerService\r\n",
        "sample": "2110199457"
      },
      {
        "field": "virtualAccountName",
        "data_type": "String",
        "format": "",
        "mandatory": "M",
        "length": "255",
        "description": "Customer name",
        "sample": "URASIMA NASA KARYA PT"
      },
      {
        "field": "trxId",
        "data_type": "String",
        "format": "",
        "mandatory": "M",
        "length": "64",
        "description": "Transaction ID in Partner system",
        "sample": ""
      },
      {
        "field": "partnerServiceId",
        "data_type": "String",
        "format": "",
        "mandatory": "M",
        "length": "8",
        "description": "Derivative of X- PARTNER-ID, similar to company code, 8 digit left padding space. partnerServic eId + customerNo or virtualAccountNo\r\n",
        "sample": "899"
      },
      {
        "field": "paymentRequestId",
        "data_type": "String",
        "format": "",
        "mandatory": "M",
        "length": "128",
        "description": "Unique identifier generated by PJP. If Payment comes from the Inquiry process, this value must be the same with inquiryRequestId.",
        "sample": "123456703"
      },
      {
        "field": "paidAmount",
        "data_type": "Object",
        "format": "",
        "mandatory": "M",
        "length": "",
        "description": "",
        "sample": ""
      },
      {
        "field": "value",
        "data_type": "String (ISO4217)",
        "format": "",
        "mandatory": "M",
        "length": "16,2",
        "description": "Transaction Amount",
        "sample": "12345678.00"
      },
      {
        "field": "currency",
        "data_type": "String",
        "format": "",
        "mandatory": "M",
        "length": "3",
        "description": "Currency",
        "sample": "IDR"
      },
      {
        "field": "trxDatetTime",
        "data_type": "Date",
        "format": "",
        "mandatory": "O",
        "length": "25",
        "description": "PJP internal system datetime with timezone, which follows the ISO-8601 standard",
        "sample": "Date"
      },
      {
        "field": "billDetails",
        "data_type": "Array of Objects",
        "format": "",
        "mandatory": "O",
        "length": "",
        "description": "",
        "sample": ""
      },
      {
        "field": "additionalInfo",
        "data_type": "Object",
        "format": "",
        "mandatory": "O",
        "length": "",
        "description": "Additional Information for custom use",
        "sample": ""
      }
    ],
    "sample_header": "\nX-\r\nSIGNATURE:50d6cf9802e8495e157340cdfbdf7ae721c1fbe64d264a08e3f21f13702dc3336752f3fb81824 75f818ae33be85f5116895a7a9aafc18edda4c9d469c52dd567\r\nX-TIMESTAMP:2022-02-12T13:07:00+07:00 X-PARTNER-ID:099\r\nX-EXTERNAL-ID:41807553358950093184162180797837 CHANNEL-ID:12345\r\n",
    "sample_request": "\n{\r\n    \"partnerServiceId\": \"889\",\r\n    \"customerNo\": \"2110199457\",\r\n    \"virtualAccountNo\": \"88921101994572110199457\",\r\n    \"paymentRequestId\": \"22345111\",\r\n    \"trxDateTime\": \"20210609144500\",\r\n    \"channelCode\": \"2\",\r\n    \"paidAmount\": {\r\n        \"value\": \"10000\",\r\n        \"currency\": \"IDR\"\r\n    },\r\n    \"additionalInfo\": {\r\n        \"companyCode\": \"60808\",\r\n        \"traceNumber\": \"70043\",\r\n        \"cardAcceptorTermId\": \"2\",\r\n        \"languageCode\": \"01\",\r\n        \"currencyCode\": \"360\",\r\n        \"billKey1\": \"608081226286926\",\r\n        \"billKey2\": \"50000\",\r\n        \"billKey3\": \"\",\r\n        \"billFlagMap\": \"100000\",\r\n        \"debitAccount\": \"7095592389\",\r\n        \"debitAmount\": \"10000\",\r\n        \"customerChargesAmount\": \"1000\",\r\n        \"debitCurrency\": \"360\",\r\n        \"creditCurrency\": \"360\",\r\n        \"merchantType\": 6014,\r\n        \"reservedDocList\": [\r\n            {\r\n                \"attributeName\": \"\",\r\n                \"attributeValue\": \"\"\r\n            }\r\n        ]\r\n    }\r\n}\r\n",
    "sample_response": "\n{\r\n    \"responseCode\": \"2002500\",\r\n    \"responseMessage\": \"Successful\",\r\n    \"virtualAccountData\": {\r\n        \"customerNo\": \"2110199457\",\r\n        \"virtualAccountNo\": \"09921101994572110199457\",\r\n        \"virtualAccountName\": \"URASIMA NASA KARYA PT\",\r\n        \"trxId\": \"22345111\",\r\n        \"partnerServiceId\": \"099\",\r\n        \"paymentRequestId\": \"22345111\",\r\n        \"paidAmount\": {\r\n            \"value\": \"10000\",\r\n            \"currency\": \"IDR\"\r\n        },\r\n        \"trxDatetTime\": \"20210609144500\",\r\n        \"billDetails\": [\r\n            {\r\n                \"additionalInfo\": {\r\n                    \"billKey1\": \"60808122686926\",\r\n                    \"billKey2\": \"50000\",\r\n                    \"billKey3\": \"\",\r\n                    \"billFlagMap\": \"100000\"\r\n                }\r\n            }\r\n        ]\r\n    }\r\n}",
    "sample_error": "",
    "list_error": [
      {
        "http_status": "",
        "service_code": "",
        "case_code": "",
        "status": "",
        "response_description": "",
        "description": ""
      }
    ]
  }
}