{
  "openapi": "3.0.1",
  "info": {
    "title": "API Virtual Account - Payment - BPI",
    "description": "API Virtual Account - Payment - BPI",
    "version": "1.0"
  },
  "servers": [
    {
      "url": "http://10.0.118.110:5555"
    }
  ],
  "paths": {
    "/v1.0/transfer-va/payment-intrabank": {
      "post": {
        "operationId": "_post",
        "parameters": [
          
          {
            "name": "X-SIGNATURE",
            "in": "header",
            "required": true,
            "schema": {
              "type": "string"
            }
          },
          {
            "name": "X-TIMESTAMP",
            "in": "header",
            "required": true,
            "schema": {
              "type": "string",
              "default": "2024-03-13T20:50:11+00:00"
            }
          },
          {
            "name": "X-PARTNER-ID",
            "in": "header",
            "required": true,
            "schema": {
              "type": "string",
              "default": "889"
            }
          },
          {
            "name": "X-EXTERNAL-ID",
            "in": "header",
            "required": true,
            "schema": {
              "type": "string"
            }
          },
          {
            "name": "CHANNEL-ID",
            "in": "header",
            "required": true,
            "schema": {
              "type": "string",
              "default":"12345"
            }
          },
          {
            "name": "Content-Type",
            "in": "header",
            "required": true,
            "schema": {
              "type": "string",
              "default":"application/json"
            }
          }

        ],
        "requestBody": {
          "content": {
            "application/json": {
              "schema": {
                "required": [
                  "billCode",
                  "customerNo",
                  "partnerServiceId",
                  "trxDateTime",
                  "trxId",
                  "virtualAccountNo"
                ],
                "properties": {
                  "partnerServiceId": {
                    "type": "string"
                  },
                  "customerNo": {
                    "type": "string"
                  },
                  "trxId": {
                    "type": "string"
                  },
                  "trxDateTime": {
                    "type": "string"
                  },
                  "virtualAccountNo": {
                    "type": "string"
                  },
                  "billCode": {
                    "type": "string"
                  }
                }
              }
            }
          },
          "required": true
        },
        "responses": {
          "200": {
            "description": "OK",
            "content": {
              "application/json": {
                "schema": {
                  "$ref": "#/components/schemas/BpiApiSnap.resources.snap.payment:_post_$response"
                }
              }
            }
          },
          "401": {
            "description": "Access Denied",
            "content": {}
          }
        },
        "x-codegen-request-body-name": "totalAmount",
        "security": [
          {
            "bearerAuth": []
          }
        ]
      }
    }
  },
  "components": {
    "securitySchemes": {
      "bearerAuth": {
        "type": "apiKey",
        "schema": "bearer",
        "bearerFormat": "JWT",
        "description": "Enter the token with the `Bearer: ` prefix, e.g. \"Bearer abcde12345\".",
        "name": "Authorization",
        "in": "header"
      }
    },
    "schemas": {
      "BpiApiSnap.resources.snap.payment:_post.billDetails": {
        "required": [
          "additionalInfo",
          "billName",
          "billNo"
        ],
        "type": "object",
        "properties": {
          "billName": {
            "type": "string"
          },
          "additionalInfo": {
            "$ref": "#/components/schemas/BpiApiSnap.resources.snap.payment:_post.additionalInfo"
          },
          "billNo": {
            "type": "string"
          }
        }
      },
      "BpiApiSnap.resources.snap.payment:_post.virtualAccountData": {
        "required": [
          "customerNo",
          "inquiryRequestId",
          "partnerServiceId",
          "referenceNo",
          "totalAmount"
        ],
        "type": "object",
        "properties": {
          "totalAmount": {
            "$ref": "#/components/schemas/BpiApiSnap.resources.snap.payment:_post.totalAmount"
          },
          "partnerServiceId": {
            "type": "string"
          },
          "referenceNo": {
            "type": "string"
          },
          "inquiryRequestId": {
            "type": "string"
          },
          "customerNo": {
            "type": "string"
          }
        }
      },
      "BpiApiSnap.resources.snap.payment:_post.additionalInfo": {
        "required": [
          "info1",
          "info2",
          "instName"
        ],
        "type": "object",
        "properties": {
          "info1": {
            "type": "string"
          },
          "instName": {
            "type": "string"
          },
          "info2": {
            "type": "string"
          }
        }
      },
      "BpiApiSnap.resources.snap.payment:_post.totalAmount": {
        "required": [
          "currency",
          "value"
        ],
        "type": "object",
        "properties": {
          "currency": {
            "type": "string"
          },
          "value": {
            "type": "string"
          }
        }
      },
      "BpiApiSnap.resources.snap.payment:_post_$response": {
        "required": [
          "billDetails",
          "responseCode",
          "responseMessage",
          "virtualAccountData"
        ],
        "type": "object",
        "properties": {
          "billDetails": {
            "type": "array",
            "items": {
              "$ref": "#/components/schemas/BpiApiSnap.resources.snap.payment:_post.billDetails"
            }
          },
          "responseMessage": {
            "type": "string"
          },
          "virtualAccountData": {
            "$ref": "#/components/schemas/BpiApiSnap.resources.snap.payment:_post.virtualAccountData"
          },
          "responseCode": {
            "type": "string"
          }
        }
      }
    }
  },
  "spesification": {
    "endpoint": "/v1.0/transfer-va/payment-intrabank",
    "endpoint_url": "/BpiApiSnap/resources/snap/payment",
    "header": [
      {
        "key": "Authorization",
        "value": "",
        "format": "Alphanumeric",
        "mandatory": "M",
        "length": "",
        "description": "Bearer <token>"
      },
      {
        "key": "X-TIMESTAMP",
        "value": "",
        "format": "Datetime",
        "mandatory": "M",
        "length": "",
        "description": "The timestamp must be presented in ISO8601 format (yyyy-MM-ddTHH:mm:ss.TZ)"
      },
      {
        "key": "X-SIGNATURE",
        "value": "",
        "format": "Alphanumeric",
        "mandatory": "M",
        "length": "",
        "description": "Transaction signature. Please refer to Transaction Signature section"
      },
      {
        "key": "X-PARTNER-ID",
        "value": "",
        "format": "Alphanumeric",
        "mandatory": "M",
        "length": "",
        "description": "Partner ID given by BSI upon onboarding process"
      },
      {
        "key": "X-EXTERNAL-ID",
        "value": "",
        "format": "String",
        "mandatory": "M",
        "length": "128",
        "description": "Numeric String. Unique ID per request generated by partner"
      },
      {
        "key": "CHANNEL-ID",
        "value": "",
        "format": "Alpha",
        "mandatory": "M",
        "length": "",
        "description": "Numeric String. Unique ID provide by Bank BSI"
      },
      {
        "key": "Content-Type",
        "value": "",
        "format": "Alpha",
        "mandatory": "M",
        "length": "",
        "description": "application/json"
      }
    ],
    "request": [
      {
        "field": "partnerServiceId",
        "data_type": "String",
        "format": "",
        "mandatory": "M",
        "length": "8",
        "description": "Derivative of X-PARTNER-ID, similar to company code, 8 digit left padding space. partnerServic eId + customerNo or virtualAccountNo\r\n",
        "sample": "889"
      },
      {
        "field": "customerNo",
        "data_type": "String",
        "format": "",
        "mandatory": "M",
        "length": "20",
        "description": "Unique number (up to 20 digits). partnerServic eId + customerNo or virtualAccountNo",
        "sample": "12345678901234"
      },
      {
        "field": "paymentRequestId",
        "data_type": "String",
        "format": "",
        "mandatory": "M",
        "length": "128",
        "description": "Unique identifier generated by PJP. If Payment comes from the Inquiry process, this value must be the same with inquiryRequestId.\r\n",
        "sample": "123456703"
      },
      {
        "field": "trxDateTime",
        "data_type": "Date",
        "format": "",
        "mandatory": "O",
        "length": "25",
        "description": "PJP internal system datetime with timezone, which follows the ISO-8601 standard\r\n\r\n",
        "sample": "23-08-2019T10:09:23"
      },
      {
        "field": "virtualAccountNo",
        "data_type": "String",
        "format": "",
        "mandatory": "M",
        "length": "28",
        "description": "partnerServic eId (8 digit left padding space) + customerNo (up to 20 digits). partnerServiceId + customerNo or virtualAccountNo\r\n\r\n",
        "sample": "2110199457\r\n"
      },
      {
        "field": "billDetails",
        "data_type": "Array of Objects",
        "format": "",
        "mandatory": "O",
        "length": "",
        "description": "Array with maximum 24 Objects",
        "sample": ""
      },
      {
        "field": "billCode",
        "data_type": "String",
        "format": "",
        "mandatory": "O",
        "length": "2",
        "description": "From Inquiry Response",
        "sample": "5050999999123401"
      },
      {
        "field": "paidAmount",
        "data_type": "Object",
        "format": "",
        "mandatory": "M",
        "length": "",
        "description": "",
        "sample": ""
      },
      {
        "field": "value",
        "data_type": "String (ISO4217)",
        "format": "",
        "mandatory": "M",
        "length": "16,2",
        "description": "Paid Amount with 2 decimal",
        "sample": "10000"
      },
      {
        "field": "currency",
        "data_type": "String",
        "format": "",
        "mandatory": "M",
        "length": "3",
        "description": "Currency",
        "sample": "360"
      }
    ],
    "response": [
      {
        "field": "responseCode",
        "data_type": "String",
        "format": "",
        "mandatory": "M",
        "length": "7",
        "description": "Response Code\r\n",
        "sample": "2001100"
      },
      {
        "field": "responseMessage",
        "data_type": "String",
        "format": "",
        "mandatory": "M",
        "length": "150",
        "description": "Response Description\r\n",
        "sample": "Successful"
      },
      {
        "field": "partnerServiceId",
        "data_type": "String",
        "format": "",
        "mandatory": "M",
        "length": "8",
        "description": "Derivative of X- PARTNER-ID, similar to company code, 8 digit left padding space. partnerServic eId + customerNo or virtualAccountNo\r\n",
        "sample": ""
      },
      {
        "field": "paymentRequestId",
        "data_type": "String",
        "format": "",
        "mandatory": "M",
        "length": "128",
        "description": "Unique identifier generated by PJP. If Payment comes from the Inquiry process, this value must be the same with inquiryRequestId.",
        "sample": "123456703"
      },
      {
        "field": "virtualAccountNo",
        "data_type": "String",
        "format": "",
        "mandatory": "M",
        "length": "28",
        "description": "partnerServic eId (8 digit left padding space) + customerNo (up to 20 digits). partnerService\r\n",
        "sample": "2110199457"
      },
      {
        "field": "virtualAccountName",
        "data_type": "String",
        "format": "",
        "mandatory": "M",
        "length": "255",
        "description": "Customer name",
        "sample": ""
      },
      {
        "field": "paidAmount",
        "data_type": "Object",
        "format": "",
        "mandatory": "M",
        "length": "",
        "description": "",
        "sample": ""
      },
      {
        "field": "currency",
        "data_type": "String",
        "format": "",
        "mandatory": "M",
        "length": "3",
        "description": "Currency",
        "sample": "IDR"
      },
      {
        "field": "value",
        "data_type": "String (ISO4217)",
        "format": "",
        "mandatory": "M",
        "length": "16,2",
        "description": "Transaction Amount",
        "sample": ""
      },
      {
        "field": "customerNo",
        "data_type": "String",
        "format": "",
        "mandatory": "M",
        "length": "20",
        "description": "Unique number (up to 20 digits). partnerServic eId + customerNo or 8 digit left padding space. partnerServic eId + customerNo or virtualAccountNo\r\n\r\n",
        "sample": ""
      },
      {
        "field": "referenceNo",
        "data_type": "String",
        "format": "",
        "mandatory": "O",
        "length": "15",
        "description": "From Payment Request",
        "sample": "FT16021FD92K"
      },
      {
        "field": "trxDatetTime",
        "data_type": "Date",
        "format": "",
        "mandatory": "O",
        "length": "25",
        "description": "PJP internal system datetime with timezone, which follows the ISO-8601 standard",
        "sample": "23-08-2019T10:09:23"
      },
      {
        "field": "billDetails",
        "data_type": "Array of Objects",
        "format": "",
        "mandatory": "O",
        "length": "",
        "description": "",
        "sample": ""
      },
      {
        "field": "billNo",
        "data_type": "String",
        "format": "",
        "mandatory": "O",
        "length": "18",
        "description": "Bill number from Partner",
        "sample": "5050999999123401"
      },
      {
        "field": "additionalInfo",
        "data_type": "Object",
        "format": "",
        "mandatory": "O",
        "length": "",
        "description": "Additional Information for custom use",
        "sample": ""
      },
      {
        "field": "info1",
        "data_type": "",
        "format": "",
        "mandatory": "",
        "length": "",
        "description": "",
        "sample": "TAGIHAN"
      },
      {
        "field": "info2",
        "data_type": "",
        "format": "",
        "mandatory": "",
        "length": "",
        "description": "",
        "sample": "-"
      },
      {
        "field": "instName",
        "data_type": "",
        "format": "",
        "mandatory": "",
        "length": "",
        "description": "",
        "sample": "BAYAR ID"
      },
      {
        "field": "virtualAccountData",
        "data_type": "",
        "format": "",
        "mandatory": "",
        "length": "",
        "description": "",
        "sample": ""
      }
    ],
    "sample_header": "\nX-\r\nSIGNATURE:50d6cf9802e8495e157340cdfbdf7ae721c1fbe64d264a08e3f21f13702dc3336752f3fb81824 75f818ae33be85f5116895a7a9aafc18edda4c9d469c52dd567\r\nX-TIMESTAMP:2022-02-12T13:07:00+07:00 X-PARTNER-ID:099\r\nX-EXTERNAL-ID:41807553358950093184162180797837 CHANNEL-ID:12345",
    "sample_request": "\n{\r\n    \"partnerServiceId\": \"889\",\r\n    \"customerNo\": \"12345678901234\",\r\n    \"paymentRequestId\": \"123456703\",\r\n    \"trxDateTime\": \"23-08-2019T10:09:23\",\r\n    \"virtualAccountNo\": \"2110199457\",\r\n    \"billDetails\": {\r\n        \"billCode\": \"5050999999123401\"\r\n    },\r\n    \"paidAmount\": {\r\n        \"value\": \"10000\",\r\n        \"currency\": \"360\"\r\n    }\r\n}",
    "sample_response": "\n{\r\n    \"responseCode\": \"2002500\",\r\n    \"responseMessage\": \"Successful\",\r\n    \"virtualAccountData\": {\r\n        \"partnerServiceId\": \"889(kurang left padding space)\",\r\n        \"paymentRequestId\": \"123456703\",\r\n        \"virtualAccountNo\": \" source account no\",\r\n        \"virtualAccountName\": \"source account name\",\r\n        \"paidAmount\": {\r\n            \"currency\": \"360\",\r\n            \"value\": \"10000\"\r\n        },\r\n        \"customerNo\": \"12345678901234\",\r\n        \"referenceNo\": \"FT16021FD92K    \",\r\n        \"trxDateTime\": \"23-08-2019T10:09:23\",\r\n        \"billDetails\": {\r\n            \"billNo\": \"5050999999123401\"\r\n        }\r\n    },\r\n    \"additionalInfo\": {\r\n        \"info1\": \"TAGIHAN                       \",\r\n        \"info2\": \"-                             \",\r\n        \"instName\": \"BAYAR ID                      \"\r\n    }\r\n}",
    "sample_error": "",
    "list_error": [
      {
        "http_status": "",
        "service_code": "",
        "case_code": "",
        "status": "",
        "response_description": "",
        "description": ""
      }
    ]
  }
}